【整租】乐乎公寓 黄村 海子角店,黄村,1850-2450,http://bj.58.com/pinpaigongyu/29782919198902x.shtml
【合租】龙泽 新龙城 4室次卧,新龙城,1780,http://bj.58.com/pinpaigongyu/29806168086342x.shtml
【整租】乐乎公寓 黄村 海子角店,黄村,2000-2450,http://bj.58.com/pinpaigongyu/29162819805368x.shtml
【合租】北苑 明天第一城 3室次卧,明天第一城,1990,http://bj.58.com/pinpaigongyu/29703160642100x.shtml
【合租】马家堡 富卓苑 3室次卧,富卓苑,1960,http://bj.58.com/pinpaigongyu/29728027223471x.shtml
【整租】乐乎公寓 次渠 次渠门店,次渠,1700-2200,http://bj.58.com/pinpaigongyu/29628594478633x.shtml
【合租】姚家园 姚家园东里8号院 3室主卧,姚家园东里8号院,1990,http://bj.58.com/pinpaigongyu/29671009687245x.shtml
【整租】乐乎公寓 黄村 海子角店,黄村,1700-2200,http://bj.58.com/pinpaigongyu/29824096799917x.shtml
【合租】回龙观 新龙城二期 3室主卧,新龙城二期,1900,http://bj.58.com/pinpaigongyu/29503191597877x.shtml
【合租】劲松 华腾园 3室次卧,华腾园,1990,http://bj.58.com/pinpaigongyu/29693226019912x.shtml
【合租】西二旗 融泽嘉园8号院 3室次卧,融泽嘉园8号院,1880,http://bj.58.com/pinpaigongyu/29735020101043x.shtml
【整租】好客公寓 亦庄 好客公寓,亦庄,2000-2100,http://bj.58.com/pinpaigongyu/29075475408318x.shtml
【合租】西北旺 大牛坊一期 3室主卧,大牛坊一期,1990,http://bj.58.com/pinpaigongyu/29702685259051x.shtml
【合租】西北旺 大牛坊一期 3室次卧,大牛坊一期,1500,http://bj.58.com/pinpaigongyu/29696734736815x.shtml
【合租】西北旺 大牛坊二期 3室主卧,大牛坊二期,1500,http://bj.58.com/pinpaigongyu/29735043966158x.shtml
【整租】荣耀彩虹里青年社区 欢乐谷 朝阳店,欢乐谷,1980-2980,http://bj.58.com/pinpaigongyu/29702333076805x.shtml
【合租】北苑 北苑2号院 3室次卧,北苑2号院,2000,http://bj.58.com/pinpaigongyu/29839134531662x.shtml
【合租】温泉 环保嘉苑 3室次卧,环保嘉苑,1690,http://bj.58.com/pinpaigongyu/29817036608461x.shtml
【合租】梨园 新通国际花园 3室次卧,新通国际花园,1700,http://bj.58.com/pinpaigongyu/29679925179830x.shtml
【合租】龙泽 融泽嘉园2号院 3室主卧,融泽嘉园2号院,1980,http://bj.58.com/pinpaigongyu/29824360538183x.shtml
【整租】乐乎公寓 黄村 海子角店,黄村,1850-2450,http://bj.58.com/pinpaigongyu/29782919198902x.shtml
【合租】天竺 天竺翠竹新村 4室次卧,天竺翠竹新村,1780,http://bj.58.com/pinpaigongyu/29669501263297x.shtml
【整租】乐乎公寓 黄村 海子角店,黄村,2000-2450,http://bj.58.com/pinpaigongyu/29162819805368x.shtml
【合租】劲松 华腾园 3室次卧,华腾园,1990,http://bj.58.com/pinpaigongyu/29693226019912x.shtml
【合租】望京 望京西园一区 3室次卧,望京西园一区,1990,http://bj.58.com/pinpaigongyu/29683003980091x.shtml
【整租】乐乎公寓 次渠 次渠门店,次渠,1700-2200,http://bj.58.com/pinpaigongyu/29628594478633x.shtml
【合租】回龙观 紫金新干线四区 3室次卧,紫金新干线四区,1760,http://bj.58.com/pinpaigongyu/29485012953673x.shtml
【整租】乐乎公寓 黄村 海子角店,黄村,1700-2200,http://bj.58.com/pinpaigongyu/29824096799917x.shtml
【合租】清河 宝盛里观林园 3室次卧,宝盛里观林园,2000,http://bj.58.com/pinpaigongyu/29693264781258x.shtml
【合租】朝青板块 珠江罗马嘉园西区 3室次卧,珠江罗马嘉园西区,1860,http://bj.58.com/pinpaigongyu/29472419511376x.shtml
【合租】龙泽 融泽嘉园2号院 3室主卧,融泽嘉园2号院,1980,http://bj.58.com/pinpaigongyu/29824360538183x.shtml
【整租】好客公寓 亦庄 好客公寓,亦庄,2000-2100,http://bj.58.com/pinpaigongyu/29075475408318x.shtml
【合租】龙泽 融泽嘉园一号院 3室次卧,融泽嘉园一号院,1980,http://bj.58.com/pinpaigongyu/29717937884467x.shtml
【合租】西二旗 融泽嘉园8号院 2室主卧,融泽嘉园8号院,1980,http://bj.58.com/pinpaigongyu/29724465453890x.shtml
【合租】物资学院路 慧合公寓 3室次卧,【合租】物资学院路,1660,http://bj.58.com/pinpaigongyu/29835639224782x.shtml
【整租】荣耀彩虹里青年社区 欢乐谷 朝阳店,欢乐谷,1980-2980,http://bj.58.com/pinpaigongyu/29702333076805x.shtml
【合租】梨园 华业东方玫瑰 4室次卧,华业东方玫瑰,1700,http://bj.58.com/pinpaigongyu/29635729679031x.shtml
【合租】玉桥 葛布店南里 4室主卧,葛布店南里,1750,http://bj.58.com/pinpaigongyu/29624948961742x.shtml
【合租】西北旺 大牛坊二期 3室次卧,大牛坊二期,1790,http://bj.58.com/pinpaigongyu/29817478379978x.shtml
【合租】东坝 金隅汇景苑 3室主卧,金隅汇景苑,1650,http://bj.58.com/pinpaigongyu/29649202361388x.shtml
【整租】乐乎公寓 黄村 海子角店,黄村,1850-2450,http://bj.58.com/pinpaigongyu/29782919198902x.shtml
【合租】龙泽 新龙城 3室主卧,新龙城,1960,http://bj.58.com/pinpaigongyu/29724972634048x.shtml
【整租】乐乎公寓 黄村 海子角店,黄村,2000-2450,http://bj.58.com/pinpaigongyu/29162819805368x.shtml
【合租】回龙观 龙跃苑东五区 3室主卧,龙跃苑东五区,1760,http://bj.58.com/pinpaigongyu/29646619491384x.shtml
【合租】回龙观 紫金新干线四区 3室主卧,紫金新干线四区,1899,http://bj.58.com/pinpaigongyu/29635610716741x.shtml
【整租】乐乎公寓 次渠 次渠门店,次渠,1700-2200,http://bj.58.com/pinpaigongyu/29628594478633x.shtml
【合租】次渠 润枫领尚 1室主卧,润枫领尚,1760,http://bj.58.com/pinpaigongyu/29506236648503x.shtml
【整租】乐乎公寓 黄村 海子角店,黄村,1700-2200,http://bj.58.com/pinpaigongyu/29824096799917x.shtml
【合租】朝青板块 金隅汇星苑 3室次卧,金隅汇星苑,1880,http://bj.58.com/pinpaigongyu/29670998921410x.shtml
【合租】回龙观 龙跃苑东五区 3室次卧,龙跃苑东五区,1500,http://bj.58.com/pinpaigongyu/29802656777522x.shtml
【合租】梨园 华业东方玫瑰 4室次卧,华业东方玫瑰,1700,http://bj.58.com/pinpaigongyu/29635729679031x.shtml
【整租】好客公寓 亦庄 好客公寓,亦庄,2000-2100,http://bj.58.com/pinpaigongyu/29075475408318x.shtml
【合租】西北旺 大牛坊二期 3室次卧,大牛坊二期,1790,http://bj.58.com/pinpaigongyu/29817478379978x.shtml
【合租】东坝 金隅汇景苑 3室主卧,金隅汇景苑,1650,http://bj.58.com/pinpaigongyu/29649202361388x.shtml
【合租】龙泽 融泽嘉园2号院 2室次卧,融泽嘉园2号院,1880,http://bj.58.com/pinpaigongyu/29780898840515x.shtml
【整租】荣耀彩虹里青年社区 欢乐谷 朝阳店,欢乐谷,1980-2980,http://bj.58.com/pinpaigongyu/29702333076805x.shtml
【合租】回龙观 龙腾苑二区 3室次卧,龙腾苑二区,1650,http://bj.58.com/pinpaigongyu/29562484869064x.shtml
【合租】龙泽 融泽嘉园2号院 3室次卧,融泽嘉园2号院,1980,http://bj.58.com/pinpaigongyu/29805716948653x.shtml
【合租】土桥 土桥puls 3室次卧,土桥puls,1700,http://bj.58.com/pinpaigongyu/29691218831788x.shtml
【合租】物资学院路 物资学院地铁站附 3室主卧,物资学院地铁站附,1800,http://bj.58.com/pinpaigongyu/29802408345675x.shtml
【整租】乐乎公寓 黄村 海子角店,黄村,1850-2450,http://bj.58.com/pinpaigongyu/29782919198902x.shtml
【合租】回龙观 紫金新干线四区 3室主卧,紫金新干线四区,1799,http://bj.58.com/pinpaigongyu/29824508446507x.shtml
【整租】乐乎公寓 黄村 海子角店,黄村,2000-2450,http://bj.58.com/pinpaigongyu/29162819805368x.shtml
【合租】回龙观 龙跃苑东四区 3室次卧,龙跃苑东四区,1560,http://bj.58.com/pinpaigongyu/29569441646899x.shtml
【整租】清源 乐乎公寓 1室1厅,【整租】清源,2000,http://bj.58.com/pinpaigongyu/29837270827949x.shtml
【整租】乐乎公寓 次渠 次渠门店,次渠,1700-2200,http://bj.58.com/pinpaigongyu/29628594478633x.shtml
【合租】回龙观 回龙观新村中区 3室次卧,回龙观新村中区,1950,http://bj.58.com/pinpaigongyu/29473901668411x.shtml
【整租】乐乎公寓 黄村 海子角店,黄村,1700-2200,http://bj.58.com/pinpaigongyu/29824096799917x.shtml
【合租】回龙观 龙跃苑东四区 3室主卧,龙跃苑东四区,1600,http://bj.58.com/pinpaigongyu/29602680959312x.shtml
【合租】角门 角门东里小区 3室主卧,角门东里小区,1980,http://bj.58.com/pinpaigongyu/29794926986442x.shtml
【合租】东坝 金隅汇景苑 3室主卧,金隅汇景苑,1650,http://bj.58.com/pinpaigongyu/29649202361388x.shtml
【整租】好客公寓 亦庄 好客公寓,亦庄,2000-2100,http://bj.58.com/pinpaigongyu/29075475408318x.shtml
【合租】龙泽 融泽嘉园2号院 2室次卧,融泽嘉园2号院,1880,http://bj.58.com/pinpaigongyu/29780898840515x.shtml
【合租】西二旗 融泽嘉园8号院 3室次卧,融泽嘉园8号院,1800,http://bj.58.com/pinpaigongyu/29827091368258x.shtml
【合租】西二旗 融泽嘉园8号院 3室次卧,融泽嘉园8号院,1980,http://bj.58.com/pinpaigongyu/29524985306431x.shtml
【整租】荣耀彩虹里青年社区 欢乐谷 朝阳店,欢乐谷,1980-2980,http://bj.58.com/pinpaigongyu/29702333076805x.shtml
【合租】龙泽 融泽嘉园2号院 3室次卧,融泽嘉园2号院,1980,http://bj.58.com/pinpaigongyu/29805716948653x.shtml
【合租】土桥 土桥puls 3室次卧,土桥puls,1700,http://bj.58.com/pinpaigongyu/29691218831788x.shtml
【合租】物资学院路 物资学院地铁站附 3室主卧,物资学院地铁站附,1800,http://bj.58.com/pinpaigongyu/29802408345675x.shtml
【合租】龙泽 融泽嘉园6号院 3室主卧,融泽嘉园6号院,1790,http://bj.58.com/pinpaigongyu/29536157334707x.shtml
【整租】乐乎公寓 黄村 海子角店,黄村,1850-2450,http://bj.58.com/pinpaigongyu/29782919198902x.shtml
【合租】管庄 瑞祥里小区 3室次卧,瑞祥里小区,1990,http://bj.58.com/pinpaigongyu/29791575664836x.shtml
【整租】乐乎公寓 黄村 海子角店,黄村,2000-2450,http://bj.58.com/pinpaigongyu/29162819805368x.shtml
【合租】方庄 静馨嘉苑 3室次卧,静馨嘉苑,1990,http://bj.58.com/pinpaigongyu/29683841262268x.shtml
【整租】次渠 次渠北里 1室1厅,次渠北里,1550,http://bj.58.com/pinpaigongyu/29572915387333x.shtml
【整租】乐乎公寓 次渠 次渠门店,次渠,1700-2200,http://bj.58.com/pinpaigongyu/29628594478633x.shtml
【合租】霍营 紫金新干线 3室次卧,紫金新干线,1699,http://bj.58.com/pinpaigongyu/29768213377333x.shtml
【整租】乐乎公寓 黄村 海子角店,黄村,1700-2200,http://bj.58.com/pinpaigongyu/29824096799917x.shtml
【合租】回龙观 新龙城三期 4室次卧,新龙城三期,1660,http://bj.58.com/pinpaigongyu/29405385804333x.shtml
【合租】次渠 润枫领尚 5室主卧,润枫领尚,1880,http://bj.58.com/pinpaigongyu/29506207253944x.shtml
【合租】果园 当代名筑家园 3室主卧,当代名筑家园,1750,http://bj.58.com/pinpaigongyu/29834255638838x.shtml
【整租】好客公寓 亦庄 好客公寓,亦庄,2000-2100,http://bj.58.com/pinpaigongyu/29075475408318x.shtml
【合租】亚运村 天创世缘 3室次卧,天创世缘,1900,http://bj.58.com/pinpaigongyu/29761097043791x.shtml
【合租】西北旺 大牛坊二期 3室主卧,大牛坊二期,1500,http://bj.58.com/pinpaigongyu/29349708132650x.shtml
【合租】西北旺 大牛坊一期 3室主卧,大牛坊一期,1890,http://bj.58.com/pinpaigongyu/29461885843245x.shtml
【整租】荣耀彩虹里青年社区 欢乐谷 朝阳店,欢乐谷,1980-2980,http://bj.58.com/pinpaigongyu/29702333076805x.shtml
【合租】西二旗 融泽嘉园8号院 3室次卧,融泽嘉园8号院,1980,http://bj.58.com/pinpaigongyu/29658373128896x.shtml
【合租】国贸 海纳公寓 1室主卧,【合租】国贸,1500,http://bj.58.com/pinpaigongyu/29839739021128x.shtml
【合租】西北旺 大牛坊二期 3室主卧,大牛坊二期,1990,http://bj.58.com/pinpaigongyu/29197962980418x.shtml
【合租】东坝 金隅汇景苑 3室次卧,金隅汇景苑,1660,http://bj.58.com/pinpaigongyu/29529344283179x.shtml
【整租】乐乎公寓 黄村 海子角店,黄村,1850-2450,http://bj.58.com/pinpaigongyu/29782919198902x.shtml
【合租】回龙观 紫金新干线四区 3室主卧,紫金新干线四区,1780,http://bj.58.com/pinpaigongyu/29704339863620x.shtml
【整租】乐乎公寓 黄村 海子角店,黄村,2000-2450,http://bj.58.com/pinpaigongyu/29162819805368x.shtml
【合租】上地 怡美家园 3室主卧,怡美家园,1860,http://bj.58.com/pinpaigongyu/29791055040300x.shtml
【合租】西二旗 融泽嘉园6号院 3室主卧,融泽嘉园6号院,1780,http://bj.58.com/pinpaigongyu/29514426996176x.shtml
【整租】乐乎公寓 次渠 次渠门店,次渠,1700-2200,http://bj.58.com/pinpaigongyu/29628594478633x.shtml
【合租】回龙观 龙锦苑东三区 3室主卧,龙锦苑东三区,1899,http://bj.58.com/pinpaigongyu/29806027886278x.shtml
【整租】乐乎公寓 黄村 海子角店,黄村,1700-2200,http://bj.58.com/pinpaigongyu/29824096799917x.shtml
【合租】朝青板块 佳艺青年汇 3室次卧,佳艺青年汇,1950,http://bj.58.com/pinpaigongyu/29617722825793x.shtml
【合租】梨园 华业东方玫瑰 3室次卧,华业东方玫瑰,1880,http://bj.58.com/pinpaigongyu/29835486478647x.shtml
【合租】九棵树 K2玉兰湾 5室次卧,K2玉兰湾,1650,http://bj.58.com/pinpaigongyu/29834803446569x.shtml
【整租】好客公寓 亦庄 好客公寓,亦庄,2000-2100,http://bj.58.com/pinpaigongyu/29075475408318x.shtml
【合租】西北旺 大牛坊一期 3室次卧,大牛坊一期,1580,http://bj.58.com/pinpaigongyu/29602593344300x.shtml
【合租】肖家河 肖家河回迁住宅( 3室主卧,肖家河回迁住宅(,2000,http://bj.58.com/pinpaigongyu/29802259487180x.shtml
【合租】双桥 东会新村 3室主卧,东会新村,1750,http://bj.58.com/pinpaigongyu/29781953499977x.shtml
【整租】荣耀彩虹里青年社区 欢乐谷 朝阳店,欢乐谷,1980-2980,http://bj.58.com/pinpaigongyu/29702333076805x.shtml
【合租】西二旗 铭科苑 3室次卧,铭科苑,1890,http://bj.58.com/pinpaigongyu/29837190661194x.shtml
【合租】龙泽 融泽嘉园6号院 3室次卧,融泽嘉园6号院,1780,http://bj.58.com/pinpaigongyu/29525314233032x.shtml
【合租】西北旺 大牛坊一期 3室主卧,大牛坊一期,1500,http://bj.58.com/pinpaigongyu/29813491584197x.shtml
【合租】亚运村 慧忠北里 2室次卧,慧忠北里,1500,http://bj.58.com/pinpaigongyu/29735194483772x.shtml
【整租】乐乎公寓 黄村 海子角店,黄村,1850-2450,http://bj.58.com/pinpaigongyu/29782919198902x.shtml
【合租】梨园 华业东方玫瑰 3室主卧,华业东方玫瑰,1950,http://bj.58.com/pinpaigongyu/29835722779078x.shtml
【整租】乐乎公寓 黄村 海子角店,黄村,2000-2450,http://bj.58.com/pinpaigongyu/29162819805368x.shtml
【合租】西三旗 东村家园 3室主卧,东村家园,1960,http://bj.58.com/pinpaigongyu/29738132962892x.shtml
【合租】西二旗 润中苑 3室次卧,润中苑,1800,http://bj.58.com/pinpaigongyu/29792569478092x.shtml
【整租】乐乎公寓 次渠 次渠门店,次渠,1700-2200,http://bj.58.com/pinpaigongyu/29628594478633x.shtml
【合租】五道口 华清嘉园 2室主卧,华清嘉园,1860,http://bj.58.com/pinpaigongyu/29805152845633x.shtml
【整租】乐乎公寓 黄村 海子角店,黄村,1700-2200,http://bj.58.com/pinpaigongyu/29824096799917x.shtml
【整租】次渠 乐乎城市青年社区 1室1厅,【整租】次渠,1750,http://bj.58.com/pinpaigongyu/29801458859083x.shtml
【合租】天竺 天竺翠竹新村 3室主卧,天竺翠竹新村,1880,http://bj.58.com/pinpaigongyu/29636087119929x.shtml
【合租】龙泽 融泽嘉园6号院 3室次卧,融泽嘉园6号院,1880,http://bj.58.com/pinpaigongyu/29812900625860x.shtml
【整租】好客公寓 亦庄 好客公寓,亦庄,2000-2100,http://bj.58.com/pinpaigongyu/29075475408318x.shtml
【合租】果园 新华联家园北区 5室次卧,新华联家园北区,1800,http://bj.58.com/pinpaigongyu/29569355950253x.shtml
【合租】西二旗 智学苑 3室次卧,智学苑,1890,http://bj.58.com/pinpaigongyu/29837052620587x.shtml
【合租】西二旗 融泽嘉园8号院 3室次卧,融泽嘉园8号院,1880,http://bj.58.com/pinpaigongyu/29657547252671x.shtml
【整租】荣耀彩虹里青年社区 欢乐谷 朝阳店,欢乐谷,1980-2980,http://bj.58.com/pinpaigongyu/29702333076805x.shtml
【合租】中关村 环保嘉苑 3室次卧,环保嘉苑,1700,http://bj.58.com/pinpaigongyu/29702343527467x.shtml
【合租】西二旗 融泽嘉园8号院 3室次卧,融泽嘉园8号院,1980,http://bj.58.com/pinpaigongyu/29606773618248x.shtml
【合租】东坝 金隅汇景苑 3室次卧,金隅汇景苑,1660,http://bj.58.com/pinpaigongyu/29538859772110x.shtml
【合租】温泉 环保嘉苑 3室次卧,环保嘉苑,1890,http://bj.58.com/pinpaigongyu/29483763883077x.shtml
【整租】乐乎公寓 黄村 海子角店,黄村,1850-2450,http://bj.58.com/pinpaigongyu/29782919198902x.shtml
【合租】回龙观 紫金新干线四区 3室主卧,紫金新干线四区,1680,http://bj.58.com/pinpaigongyu/29624577749299x.shtml
【整租】乐乎公寓 黄村 海子角店,黄村,2000-2450,http://bj.58.com/pinpaigongyu/29162819805368x.shtml
【合租】北苑 北苑家园(朝阳) 3室次卧,北苑家园(朝阳),1980,http://bj.58.com/pinpaigongyu/29319748167341x.shtml
【合租】天竺 天竺翠竹新村 3室主卧,天竺翠竹新村,1850,http://bj.58.com/pinpaigongyu/29514060950210x.shtml
【整租】乐乎公寓 次渠 次渠门店,次渠,1700-2200,http://bj.58.com/pinpaigongyu/29628594478633x.shtml
【合租】龙泽 新龙城 3室主卧,新龙城,1760,http://bj.58.com/pinpaigongyu/29768279892149x.shtml
【整租】乐乎公寓 黄村 海子角店,黄村,1700-2200,http://bj.58.com/pinpaigongyu/29824096799917x.shtml
【合租】上地 宣海家园 3室主卧,宣海家园,1860,http://bj.58.com/pinpaigongyu/29780365929794x.shtml
【合租】西三旗 育新花园 3室次卧,育新花园,1580,http://bj.58.com/pinpaigongyu/29746719632700x.shtml
【合租】梨园 新通国际花园 3室主卧,新通国际花园,1850,http://bj.58.com/pinpaigongyu/29713436374189x.shtml
【整租】好客公寓 亦庄 好客公寓,亦庄,2000-2100,http://bj.58.com/pinpaigongyu/29075475408318x.shtml
【合租】东坝 金隅汇景苑 3室主卧,金隅汇景苑,1500,http://bj.58.com/pinpaigongyu/29585301422761x.shtml
【合租】龙泽 融泽嘉园2号院 3室次卧,融泽嘉园2号院,1980,http://bj.58.com/pinpaigongyu/29812431083845x.shtml
【合租】西北旺 大牛坊二期 3室主卧,大牛坊二期,1990,http://bj.58.com/pinpaigongyu/29462727721794x.shtml
【整租】荣耀彩虹里青年社区 欢乐谷 朝阳店,欢乐谷,1980-2980,http://bj.58.com/pinpaigongyu/29702333076805x.shtml
【合租】梨园 新通国际花园 3室次卧,新通国际花园,1950,http://bj.58.com/pinpaigongyu/29690883684170x.shtml
【合租】西二旗 融泽嘉园8号院 3室次卧,融泽嘉园8号院,1980,http://bj.58.com/pinpaigongyu/29746145297997x.shtml
【合租】土桥 土桥puls 3室次卧,土桥puls,1600,http://bj.58.com/pinpaigongyu/29724297413563x.shtml
【合租】龙泽 融泽嘉园2号院 3室次卧,融泽嘉园2号院,1880,http://bj.58.com/pinpaigongyu/29691367448497x.shtml
【整租】乐乎公寓 黄村 海子角店,黄村,1850-2450,http://bj.58.com/pinpaigongyu/29782919198902x.shtml
【合租】赵公口 石榴园北里小区 3室主卧,石榴园北里小区,1990,http://bj.58.com/pinpaigongyu/29129396345262x.shtml
【整租】乐乎公寓 黄村 海子角店,黄村,2000-2450,http://bj.58.com/pinpaigongyu/29162819805368x.shtml
【合租】回龙观 领秀慧谷D区 3室主卧,领秀慧谷D区,1770,http://bj.58.com/pinpaigongyu/29683350482241x.shtml
【整租】百子湾 乐乎公寓 南花园 1室1厅,【整租】百子湾,2000,http://bj.58.com/pinpaigongyu/29819112610372x.shtml
【整租】乐乎公寓 次渠 次渠门店,次渠,1700-2200,http://bj.58.com/pinpaigongyu/29628594478633x.shtml
【合租】回龙观 新龙城 3室主卧,新龙城,1700,http://bj.58.com/pinpaigongyu/29801513432630x.shtml
【整租】乐乎公寓 黄村 海子角店,黄村,1700-2200,http://bj.58.com/pinpaigongyu/29824096799917x.shtml
【合租】回龙观 龙博苑一区 4室次卧,龙博苑一区,1799,http://bj.58.com/pinpaigongyu/29760260022069x.shtml
【合租】回龙观 龙跃苑东五区 3室主卧,龙跃苑东五区,1860,http://bj.58.com/pinpaigongyu/29646628841141x.shtml
【合租】西北旺 大牛坊二期 3室主卧,大牛坊二期,1500,http://bj.58.com/pinpaigongyu/29417081100859x.shtml
【整租】好客公寓 亦庄 好客公寓,亦庄,2000-2100,http://bj.58.com/pinpaigongyu/29075475408318x.shtml
【合租】温泉 环保嘉苑 3室次卧,环保嘉苑,1790,http://bj.58.com/pinpaigongyu/29527886993833x.shtml
【合租】梨园 华业东方玫瑰 3室主卧,华业东方玫瑰,1850,http://bj.58.com/pinpaigongyu/29404172297550x.shtml
【合租】温泉 环保嘉苑 3室次卧,环保嘉苑,1690,http://bj.58.com/pinpaigongyu/29803642278327x.shtml
【整租】荣耀彩虹里青年社区 欢乐谷 朝阳店,欢乐谷,1980-2980,http://bj.58.com/pinpaigongyu/29702333076805x.shtml
【合租】西北旺 大牛坊一期 3室主卧,大牛坊一期,1900,http://bj.58.com/pinpaigongyu/29838377226568x.shtml
【合租】龙泽 融泽嘉园6号院 3室次卧,融泽嘉园6号院,1980,http://bj.58.com/pinpaigongyu/29613714220874x.shtml
【合租】梨园 华业东方玫瑰 3室次卧,华业东方玫瑰,1650,http://bj.58.com/pinpaigongyu/29397018533826x.shtml
【合租】西北旺 大牛坊 3室主卧,大牛坊,1890,http://bj.58.com/pinpaigongyu/29149935262400x.shtml
【整租】乐乎公寓 黄村 海子角店,黄村,1850-2450,http://bj.58.com/pinpaigongyu/29782919198902x.shtml
【整租】黄村 乐乎城市青年社区 1室1厅,【整租】黄村,1800,http://bj.58.com/pinpaigongyu/29801136223021x.shtml
【整租】乐乎公寓 黄村 海子角店,黄村,2000-2450,http://bj.58.com/pinpaigongyu/29162819805368x.shtml
【合租】上地 宣海家园 3室主卧,宣海家园,1850,http://bj.58.com/pinpaigongyu/29669616926024x.shtml
【合租】回龙观 龙跃苑东五区 3室主卧,龙跃苑东五区,1860,http://bj.58.com/pinpaigongyu/29536035711913x.shtml
【整租】乐乎公寓 次渠 次渠门店,次渠,1700-2200,http://bj.58.com/pinpaigongyu/29628594478633x.shtml
【合租】亚运村 慧忠北里 3室次卧,慧忠北里,1980,http://bj.58.com/pinpaigongyu/29440597518507x.shtml
【整租】乐乎公寓 黄村 海子角店,黄村,1700-2200,http://bj.58.com/pinpaigongyu/29824096799917x.shtml
【合租】西二旗 领袖新硅谷 3室主卧,领袖新硅谷,2000,http://bj.58.com/pinpaigongyu/29791578810572x.shtml
【整租】潞城 迪9青年社区 1室0厅,【整租】潞城,1500,http://bj.58.com/pinpaigongyu/29795739539641x.shtml
【合租】龙泽 融泽嘉园一号院 4室次卧,融泽嘉园一号院,1880,http://bj.58.com/pinpaigongyu/29768370236624x.shtml
【整租】好客公寓 亦庄 好客公寓,亦庄,2000-2100,http://bj.58.com/pinpaigongyu/29075475408318x.shtml
【整租】看丹桥 造甲村社区 1室0厅,造甲村社区,1600,http://bj.58.com/pinpaigongyu/29594951444270x.shtml
【合租】龙泽 融泽嘉园2号院 3室次卧,融泽嘉园2号院,1780,http://bj.58.com/pinpaigongyu/29646360120899x.shtml
【合租】西北旺 大牛坊二期 3室次卧,大牛坊二期,1580,http://bj.58.com/pinpaigongyu/29839445123276x.shtml
【整租】荣耀彩虹里青年社区 欢乐谷 朝阳店,欢乐谷,1980-2980,http://bj.58.com/pinpaigongyu/29702333076805x.shtml
【合租】西北旺 大牛坊二期 3室次卧,大牛坊二期,1580,http://bj.58.com/pinpaigongyu/29461850901176x.shtml
【整租】科技园区 城市经典 1室0厅,城市经典,1500,http://bj.58.com/pinpaigongyu/29006892164907x.shtml
【合租】西二旗 领秀新硅谷C区 3室次卧,领秀新硅谷C区,1790,http://bj.58.com/pinpaigongyu/29817625700658x.shtml
【合租】西二旗 融泽嘉园8号院 2室次卧,融泽嘉园8号院,1880,http://bj.58.com/pinpaigongyu/29404399266243x.shtml
【整租】乐乎公寓 黄村 海子角店,黄村,1850-2450,http://bj.58.com/pinpaigongyu/29782919198902x.shtml
【合租】霍营 紫金新干线 3室主卧,紫金新干线,1500,http://bj.58.com/pinpaigongyu/29727397643201x.shtml
【整租】乐乎公寓 黄村 海子角店,黄村,2000-2450,http://bj.58.com/pinpaigongyu/29162819805368x.shtml
【合租】霍营 紫金新干线四区 3室次卧,紫金新干线四区,1699,http://bj.58.com/pinpaigongyu/29580433694378x.shtml
【合租】酒仙桥 驼房营南里 3室主卧,驼房营南里,2000,http://bj.58.com/pinpaigongyu/29683851925312x.shtml
【整租】乐乎公寓 次渠 次渠门店,次渠,1700-2200,http://bj.58.com/pinpaigongyu/29628594478633x.shtml
【合租】方庄 方庄南路18号院 3室次卧,方庄南路18号院,2000,http://bj.58.com/pinpaigongyu/29693283635911x.shtml
【整租】乐乎公寓 黄村 海子角店,黄村,1700-2200,http://bj.58.com/pinpaigongyu/29824096799917x.shtml
【合租】天通苑 天通苑东三区 3室主卧,天通苑东三区,1850,http://bj.58.com/pinpaigongyu/29474506435125x.shtml
【合租】果园 金源泉家园 4室主卧,金源泉家园,1880,http://bj.58.com/pinpaigongyu/29649736017092x.shtml
【合租】物资学院路 慧合公寓 3室次卧,【合租】物资学院路,1760,http://bj.58.com/pinpaigongyu/29484852845384x.shtml
【整租】好客公寓 亦庄 好客公寓,亦庄,2000-2100,http://bj.58.com/pinpaigongyu/29075475408318x.shtml
【合租】新宫 德鑫嘉园 3室次卧,德鑫嘉园,1750,http://bj.58.com/pinpaigongyu/29705146851385x.shtml
【合租】龙泽 融泽嘉园2号院 3室次卧,融泽嘉园2号院,1780,http://bj.58.com/pinpaigongyu/29359064550081x.shtml
【合租】管庄 管庄新村D区 3室主卧,管庄新村D区,1900,http://bj.58.com/pinpaigongyu/29569658938154x.shtml
【整租】荣耀彩虹里青年社区 欢乐谷 朝阳店,欢乐谷,1980-2980,http://bj.58.com/pinpaigongyu/29702333076805x.shtml
【合租】西二旗 融泽嘉园8号院 2室次卧,融泽嘉园8号院,1880,http://bj.58.com/pinpaigongyu/29535997762115x.shtml
【合租】龙泽 融泽嘉园2号院 3室次卧,融泽嘉园2号院,1880,http://bj.58.com/pinpaigongyu/29613412218180x.shtml
【合租】东坝 金隅汇景苑 2室次卧,金隅汇景苑,1500,http://bj.58.com/pinpaigongyu/29351879645993x.shtml
【合租】西北旺 大牛坊一期 3室主卧,大牛坊一期,1990,http://bj.58.com/pinpaigongyu/29539684663465x.shtml
【整租】乐乎公寓 黄村 海子角店,黄村,1850-2450,http://bj.58.com/pinpaigongyu/29782919198902x.shtml
【合租】朝青板块 青年汇佳园 4室次卧,青年汇佳园,1890,http://bj.58.com/pinpaigongyu/29649822214730x.shtml
【整租】乐乎公寓 黄村 海子角店,黄村,2000-2450,http://bj.58.com/pinpaigongyu/29162819805368x.shtml
【合租】霍营 龙锦苑东四区 3室次卧,龙锦苑东四区,1660,http://bj.58.com/pinpaigongyu/29780869533102x.shtml
【合租】霍营 紫金新干线四区 3室主卧,紫金新干线四区,1799,http://bj.58.com/pinpaigongyu/29635843907636x.shtml
【整租】乐乎公寓 次渠 次渠门店,次渠,1700-2200,http://bj.58.com/pinpaigongyu/29628594478633x.shtml
【合租】亦庄 天宝家园 3室主卧,天宝家园,1700,http://bj.58.com/pinpaigongyu/29747532375854x.shtml
【整租】乐乎公寓 黄村 海子角店,黄村,1700-2200,http://bj.58.com/pinpaigongyu/29824096799917x.shtml
【合租】回龙观 紫金新干线四区 3室主卧,紫金新干线四区,1860,http://bj.58.com/pinpaigongyu/29802758943812x.shtml
【合租】垡头 翠城馨园 3室次卧,翠城馨园,1990,http://bj.58.com/pinpaigongyu/29459299587271x.shtml
【合租】西二旗 融泽嘉园8号院 3室次卧,融泽嘉园8号院,1880,http://bj.58.com/pinpaigongyu/29670547178831x.shtml
【整租】好客公寓 亦庄 好客公寓,亦庄,2000-2100,http://bj.58.com/pinpaigongyu/29075475408318x.shtml
【整租】七里庄 东大街西里社区 1室0厅,东大街西里社区,1600,http://bj.58.com/pinpaigongyu/29040912008367x.shtml
【合租】西二旗 融泽嘉园8号院 3室次卧,融泽嘉园8号院,1880,http://bj.58.com/pinpaigongyu/29823630139694x.shtml
【合租】西北旺 大牛坊二期 3室主卧,大牛坊二期,1890,http://bj.58.com/pinpaigongyu/29737246775504x.shtml
【整租】荣耀彩虹里青年社区 欢乐谷 朝阳店,欢乐谷,1980-2980,http://bj.58.com/pinpaigongyu/29702333076805x.shtml
【合租】回龙观 融泽嘉园二号院 3室次卧,融泽嘉园二号院,1880,http://bj.58.com/pinpaigongyu/29783122646210x.shtml
【合租】土桥 土桥puls 3室主卧,土桥puls,1650,http://bj.58.com/pinpaigongyu/29804284665027x.shtml
【合租】双桥 康惠园小区 3室主卧,康惠园小区,1960,http://bj.58.com/pinpaigongyu/29573221969325x.shtml
【合租】龙泽 融泽嘉园6号院 3室次卧,融泽嘉园6号院,1980,http://bj.58.com/pinpaigongyu/29717911704008x.shtml
【整租】乐乎公寓 黄村 海子角店,黄村,1850-2450,http://bj.58.com/pinpaigongyu/29782919198902x.shtml
【合租】青塔 长安新城(大成南 4室主卧,长安新城(大成南,1900,http://bj.58.com/pinpaigongyu/29491550080716x.shtml
【整租】乐乎公寓 黄村 海子角店,黄村,2000-2450,http://bj.58.com/pinpaigongyu/29162819805368x.shtml
【整租】百子湾 尚帝佳公寓 1室0厅,【整租】百子湾,1800,http://bj.58.com/pinpaigongyu/29803503184693x.shtml
【合租】回龙观 紫金新干线四区 3室主卧,紫金新干线四区,1899,http://bj.58.com/pinpaigongyu/29682055306297x.shtml
【整租】乐乎公寓 次渠 次渠门店,次渠,1700-2200,http://bj.58.com/pinpaigongyu/29628594478633x.shtml
【合租】回龙观 龙跃苑东四区 3室次卧,龙跃苑东四区,1799,http://bj.58.com/pinpaigongyu/29713219395126x.shtml
【整租】乐乎公寓 黄村 海子角店,黄村,1700-2200,http://bj.58.com/pinpaigongyu/29824096799917x.shtml
【合租】回龙观 龙跃苑四区 3室次卧,龙跃苑四区,1550,http://bj.58.com/pinpaigongyu/29805936055735x.shtml
【合租】上地 宣海家园 3室次卧,宣海家园,1850,http://bj.58.com/pinpaigongyu/29514378765647x.shtml
【合租】西三旗 常秀家园 2室主卧,常秀家园,1800,http://bj.58.com/pinpaigongyu/29761785484492x.shtml
【整租】好客公寓 亦庄 好客公寓,亦庄,2000-2100,http://bj.58.com/pinpaigongyu/29075475408318x.shtml
【合租】龙泽 融泽嘉园一号院 3室次卧,融泽嘉园一号院,1980,http://bj.58.com/pinpaigongyu/29702699395278x.shtml
【整租】丰台体育馆 大井东里 1室0厅,大井东里,1599,http://bj.58.com/pinpaigongyu/28997453248454x.shtml
【合租】西北旺 大牛坊一期 3室主卧,大牛坊一期,1790,http://bj.58.com/pinpaigongyu/29837690911785x.shtml
【整租】荣耀彩虹里青年社区 欢乐谷 朝阳店,欢乐谷,1980-2980,http://bj.58.com/pinpaigongyu/29702333076805x.shtml
【合租】西北旺 大牛坊一期 3室主卧,大牛坊一期,1700,http://bj.58.com/pinpaigongyu/29801624427947x.shtml
【合租】九棵树 K2玉兰湾 6室次卧,K2玉兰湾,1700,http://bj.58.com/pinpaigongyu/29747166415182x.shtml
【合租】东坝 金隅汇景苑 3室主卧,金隅汇景苑,1650,http://bj.58.com/pinpaigongyu/29648233761609x.shtml
【合租】回龙观 融泽嘉园二号院 3室次卧,融泽嘉园二号院,1850,http://bj.58.com/pinpaigongyu/29713263356988x.shtml
【整租】乐乎公寓 黄村 海子角店,黄村,1850-2450,http://bj.58.com/pinpaigongyu/29782919198902x.shtml
【合租】上地 当代城市家园 3室主卧,当代城市家园,1860,http://bj.58.com/pinpaigongyu/29805561386422x.shtml
【整租】乐乎公寓 黄村 海子角店,黄村,2000-2450,http://bj.58.com/pinpaigongyu/29162819805368x.shtml
【合租】后沙峪 吉祥花园 4室主卧,吉祥花园,1980,http://bj.58.com/pinpaigongyu/29669556270146x.shtml
【合租】物资学院路 天赐良园东一期 3室主卧,天赐良园东一期,1910,http://bj.58.com/pinpaigongyu/29748463683650x.shtml
【整租】乐乎公寓 次渠 次渠门店,次渠,1700-2200,http://bj.58.com/pinpaigongyu/29628594478633x.shtml
【合租】天竺 天竺翠竹新村 3室次卧,天竺翠竹新村,1880,http://bj.58.com/pinpaigongyu/29514176336060x.shtml
【整租】乐乎公寓 黄村 海子角店,黄村,1700-2200,http://bj.58.com/pinpaigongyu/29824096799917x.shtml
【合租】回龙观 龙博苑一区 3室主卧,龙博苑一区,1760,http://bj.58.com/pinpaigongyu/29735264473154x.shtml
【整租】回龙观 龙跃苑东四区 3室1厅,龙跃苑东四区,1560,http://bj.58.com/pinpaigongyu/29779315383871x.shtml
【合租】百子湾 观音惠园 3室主卧,观音惠园,1900,http://bj.58.com/pinpaigongyu/29749415450932x.shtml
【整租】好客公寓 亦庄 好客公寓,亦庄,2000-2100,http://bj.58.com/pinpaigongyu/29075475408318x.shtml
【合租】龙泽 融泽嘉园6号院 3室次卧,融泽嘉园6号院,1880,http://bj.58.com/pinpaigongyu/29703165014571x.shtml
【合租】梨园 华业东方玫瑰 3室次卧,华业东方玫瑰,1650,http://bj.58.com/pinpaigongyu/29430887652289x.shtml
【合租】龙泽 融泽嘉园6号院 3室次卧,融泽嘉园6号院,1800,http://bj.58.com/pinpaigongyu/29341322493102x.shtml
【整租】荣耀彩虹里青年社区 欢乐谷 朝阳店,欢乐谷,1980-2980,http://bj.58.com/pinpaigongyu/29702333076805x.shtml
【合租】回龙观 回龙观新村西区 3室次卧,回龙观新村西区,1880,http://bj.58.com/pinpaigongyu/29795650075204x.shtml
【合租】西二旗 融泽嘉园8号院 3室次卧,融泽嘉园8号院,1780,http://bj.58.com/pinpaigongyu/29705428445377x.shtml
【合租】龙泽 融泽嘉园2号院 3室次卧,融泽嘉园2号院,1980,http://bj.58.com/pinpaigongyu/29374810271567x.shtml
【合租】龙泽 融泽嘉园一号院 4室次卧,融泽嘉园一号院,1880,http://bj.58.com/pinpaigongyu/29458935268273x.shtml
【整租】乐乎公寓 黄村 海子角店,黄村,1850-2450,http://bj.58.com/pinpaigongyu/29782919198902x.shtml
【合租】亦庄 贵园南里乙区 3室次卧,贵园南里乙区,1980,http://bj.58.com/pinpaigongyu/29152912762699x.shtml
【整租】乐乎公寓 黄村 海子角店,黄村,2000-2450,http://bj.58.com/pinpaigongyu/29162819805368x.shtml
【合租】霍营 紫金新干线 3室主卧,紫金新干线,1699,http://bj.58.com/pinpaigongyu/29801271153612x.shtml
【合租】天竺 翠竹新村 3室次卧,翠竹新村,1780,http://bj.58.com/pinpaigongyu/29514181295788x.shtml
【整租】乐乎公寓 次渠 次渠门店,次渠,1700-2200,http://bj.58.com/pinpaigongyu/29628594478633x.shtml
【合租】梨园 华业东方玫瑰 3室次卧,华业东方玫瑰,1850,http://bj.58.com/pinpaigongyu/29835743966382x.shtml
【整租】乐乎公寓 黄村 海子角店,黄村,1700-2200,http://bj.58.com/pinpaigongyu/29824096799917x.shtml
【合租】霍营 紫金新干线 3室主卧,紫金新干线,1699,http://bj.58.com/pinpaigongyu/29801298734123x.shtml
【合租】回龙观 回龙观新村东区 3室主卧,回龙观新村东区,2000,http://bj.58.com/pinpaigongyu/29669370931533x.shtml
【合租】西二旗 融泽嘉园8号院 3室次卧,融泽嘉园8号院,1980,http://bj.58.com/pinpaigongyu/29525948774334x.shtml
【整租】好客公寓 亦庄 好客公寓,亦庄,2000-2100,http://bj.58.com/pinpaigongyu/29075475408318x.shtml
【合租】马连洼 永丰嘉园 4室次卧,永丰嘉园,1590,http://bj.58.com/pinpaigongyu/29636653089580x.shtml
【合租】梨园 华业东方玫瑰 3室次卧,华业东方玫瑰,1580,http://bj.58.com/pinpaigongyu/29780360243885x.shtml
【整租】后沙峪 第五空间公寓(西 1室0厅,【整租】后沙峪,1900,http://bj.58.com/pinpaigongyu/29372216860090x.shtml
【整租】荣耀彩虹里青年社区 欢乐谷 朝阳店,欢乐谷,1980-2980,http://bj.58.com/pinpaigongyu/29702333076805x.shtml
【整租】四惠 力源里小区 1室0厅,力源里小区,2000,http://bj.58.com/pinpaigongyu/29782734221264x.shtml
【合租】芍药居 芍药居北里小区 4室次卧,芍药居北里小区,1900,http://bj.58.com/pinpaigongyu/29649840981043x.shtml
【合租】土桥 土桥puls 3室主卧,土桥puls,1650,http://bj.58.com/pinpaigongyu/29569384913460x.shtml
【合租】龙泽 融泽嘉园2号院 3室次卧,融泽嘉园2号院,1850,http://bj.58.com/pinpaigongyu/29746244819509x.shtml
【整租】乐乎公寓 黄村 海子角店,黄村,1850-2450,http://bj.58.com/pinpaigongyu/29782919198902x.shtml
【整租】亦庄 乐乎城市青年社区 1室1厅,【整租】亦庄,1750,http://bj.58.com/pinpaigongyu/29668918808747x.shtml
【整租】乐乎公寓 黄村 海子角店,黄村,2000-2450,http://bj.58.com/pinpaigongyu/29162819805368x.shtml
【合租】后沙峪 三山新新家园 4室次卧,三山新新家园,1750,http://bj.58.com/pinpaigongyu/29669695313219x.shtml
【整租】生物医药基地 乐乎公寓 1室1厅,【整租】生物医药基地,2000,http://bj.58.com/pinpaigongyu/29792717870898x.shtml
【整租】乐乎公寓 次渠 次渠门店,次渠,1700-2200,http://bj.58.com/pinpaigongyu/29628594478633x.shtml
【合租】回龙观 龙跃苑东四区 3室主卧,龙跃苑东四区,1500,http://bj.58.com/pinpaigongyu/29806091636795x.shtml
【整租】乐乎公寓 黄村 海子角店,黄村,1700-2200,http://bj.58.com/pinpaigongyu/29824096799917x.shtml
【合租】常营 常营民族家园 4室次卧,常营民族家园,1900,http://bj.58.com/pinpaigongyu/29474300584256x.shtml
【合租】亦庄 天宝家园 3室主卧,天宝家园,1750,http://bj.58.com/pinpaigongyu/29747546840378x.shtml
【合租】龙泽 融泽嘉园6号院 3室次卧,融泽嘉园6号院,1880,http://bj.58.com/pinpaigongyu/29758240546617x.shtml
【整租】好客公寓 亦庄 好客公寓,亦庄,2000-2100,http://bj.58.com/pinpaigongyu/29075475408318x.shtml
【合租】物资学院路 新建村 2室主卧,新建村,1850,http://bj.58.com/pinpaigongyu/29716122481228x.shtml
【合租】龙泽 融泽嘉园2号院 3室次卧,融泽嘉园2号院,1900,http://bj.58.com/pinpaigongyu/29383512706734x.shtml
【合租】北关 物资学院路3号院 3室主卧,物资学院路3号院,1600,http://bj.58.com/pinpaigongyu/29802510839630x.shtml
【整租】荣耀彩虹里青年社区 欢乐谷 朝阳店,欢乐谷,1980-2980,http://bj.58.com/pinpaigongyu/29702333076805x.shtml
【合租】龙泽 融泽嘉园一号院 3室次卧,融泽嘉园一号院,1800,http://bj.58.com/pinpaigongyu/29531407755855x.shtml
【合租】西北旺 大牛坊二期 3室主卧,大牛坊二期,1890,http://bj.58.com/pinpaigongyu/28975157025843x.shtml
【合租】亚运村 天创世缘 3室主卧,天创世缘,1900,http://bj.58.com/pinpaigongyu/29761071934794x.shtml
【合租】龙泽 融泽嘉园2号院 3室主卧,融泽嘉园2号院,1950,http://bj.58.com/pinpaigongyu/29447478708427x.shtml
【整租】乐乎公寓 黄村 海子角店,黄村,1850-2450,http://bj.58.com/pinpaigongyu/29782919198902x.shtml
【合租】梨园 华业东方玫瑰 3室主卧,华业东方玫瑰,1890,http://bj.58.com/pinpaigongyu/29836954241325x.shtml
【整租】乐乎公寓 黄村 海子角店,黄村,2000-2450,http://bj.58.com/pinpaigongyu/29162819805368x.shtml
【整租】亦庄 乐乎城市青年社区 1室1厅,【整租】亦庄,1700,http://bj.58.com/pinpaigongyu/29837798919350x.shtml
【合租】西三旗 建材城西一里 4室次卧,建材城西一里,1980,http://bj.58.com/pinpaigongyu/29794930789426x.shtml
【整租】乐乎公寓 次渠 次渠门店,次渠,1700-2200,http://bj.58.com/pinpaigongyu/29628594478633x.shtml
【合租】回龙观 龙跃苑东五区 3室次卧,龙跃苑东五区,2000,http://bj.58.com/pinpaigongyu/29793918485801x.shtml
【整租】乐乎公寓 黄村 海子角店,黄村,1700-2200,http://bj.58.com/pinpaigongyu/29824096799917x.shtml
【合租】清河 阳光南里 3室次卧,阳光南里,1660,http://bj.58.com/pinpaigongyu/29790819587772x.shtml
【合租】霍营 紫金新干线四区 3室主卧,紫金新干线四区,1899,http://bj.58.com/pinpaigongyu/29637556437952x.shtml
【合租】西二旗 融泽嘉园8号院 3室次卧,融泽嘉园8号院,1980,http://bj.58.com/pinpaigongyu/29746001019203x.shtml
【整租】好客公寓 亦庄 好客公寓,亦庄,2000-2100,http://bj.58.com/pinpaigongyu/29075475408318x.shtml
【合租】西北旺 大牛坊二期 3室主卧,大牛坊二期,1500,http://bj.58.com/pinpaigongyu/29627189599304x.shtml
【合租】西北旺 大牛坊二期 3室主卧,大牛坊二期,1890,http://bj.58.com/pinpaigongyu/29183280369204x.shtml
【合租】西北旺 大牛坊一期 3室主卧,大牛坊一期,1600,http://bj.58.com/pinpaigongyu/29816741743169x.shtml
【整租】荣耀彩虹里青年社区 欢乐谷 朝阳店,欢乐谷,1980-2980,http://bj.58.com/pinpaigongyu/29702333076805x.shtml
【合租】西二旗 融泽嘉园8号院 3室次卧,融泽嘉园8号院,1980,http://bj.58.com/pinpaigongyu/29735162393294x.shtml
【合租】西二旗 融泽嘉园8号院 3室次卧,融泽嘉园8号院,1880,http://bj.58.com/pinpaigongyu/29603041648334x.shtml
【合租】西北旺 大牛坊二期 3室主卧,大牛坊二期,1890,http://bj.58.com/pinpaigongyu/29550953914813x.shtml
【合租】龙泽 融泽嘉园2号院 2室次卧,融泽嘉园2号院,1980,http://bj.58.com/pinpaigongyu/29540982432206x.shtml
【整租】乐乎公寓 黄村 海子角店,黄村,1850-2450,http://bj.58.com/pinpaigongyu/29782919198902x.shtml
【合租】回龙观 云趣园一区 3室次卧,云趣园一区,1980,http://bj.58.com/pinpaigongyu/29482330754093x.shtml
【整租】乐乎公寓 黄村 海子角店,黄村,2000-2450,http://bj.58.com/pinpaigongyu/29162819805368x.shtml
【合租】上地 宣海家园 3室次卧,宣海家园,1980,http://bj.58.com/pinpaigongyu/29669507244363x.shtml
【合租】欢乐谷 紫南家园北区 3室主卧,紫南家园北区,1950,http://bj.58.com/pinpaigongyu/29474820448844x.shtml
【整租】乐乎公寓 次渠 次渠门店,次渠,1700-2200,http://bj.58.com/pinpaigongyu/29628594478633x.shtml
【合租】回龙观 新龙城二期 4室主卧,新龙城二期,1980,http://bj.58.com/pinpaigongyu/29791238168255x.shtml
【整租】乐乎公寓 黄村 海子角店,黄村,1700-2200,http://bj.58.com/pinpaigongyu/29824096799917x.shtml
【合租】回龙观 紫金新干线四区 3室主卧,紫金新干线四区,1860,http://bj.58.com/pinpaigongyu/29569479200054x.shtml
【合租】龙泽 新龙城 3室主卧,新龙城,1860,http://bj.58.com/pinpaigongyu/29795002574915x.shtml
【合租】西北旺 大牛坊二期 3室主卧,大牛坊二期,1600,http://bj.58.com/pinpaigongyu/29734941092815x.shtml
【整租】好客公寓 亦庄 好客公寓,亦庄,2000-2100,http://bj.58.com/pinpaigongyu/29075475408318x.shtml
【整租】岳各庄 大井社区 1室0厅,大井社区,1500,http://bj.58.com/pinpaigongyu/29006988541501x.shtml
【合租】劲松 农光南里 3室次卧,农光南里,1600,http://bj.58.com/pinpaigongyu/29502716906550x.shtml
【合租】九棵树 K2玉兰湾 5室次卧,K2玉兰湾,1900,http://bj.58.com/pinpaigongyu/29372960409771x.shtml
【整租】荣耀彩虹里青年社区 欢乐谷 朝阳店,欢乐谷,1980-2980,http://bj.58.com/pinpaigongyu/29702333076805x.shtml
【合租】西二旗 金域华府 3室次卧,金域华府,1880,http://bj.58.com/pinpaigongyu/28651722287299x.shtml
【合租】西北旺 大牛坊一期 3室主卧,大牛坊一期,1600,http://bj.58.com/pinpaigongyu/29727105835586x.shtml
【合租】西二旗 融泽嘉园8号院 3室次卧,融泽嘉园8号院,1880,http://bj.58.com/pinpaigongyu/29827064479422x.shtml
【合租】龙泽 融泽嘉园2号院 2室次卧,融泽嘉园2号院,1880,http://bj.58.com/pinpaigongyu/29726802675007x.shtml
【整租】乐乎公寓 黄村 海子角店,黄村,1850-2450,http://bj.58.com/pinpaigongyu/29782919198902x.shtml
【合租】亚运村 慧忠北里 3室次卧,慧忠北里,1990,http://bj.58.com/pinpaigongyu/29794975875785x.shtml
【整租】乐乎公寓 黄村 海子角店,黄村,2000-2450,http://bj.58.com/pinpaigongyu/29162819805368x.shtml
【合租】双桥 艺水芳园 3室主卧,艺水芳园,1750,http://bj.58.com/pinpaigongyu/29748229647535x.shtml
【合租】霍营 紫金新干线四区 3室主卧,紫金新干线四区,1600,http://bj.58.com/pinpaigongyu/29584592817069x.shtml
【整租】乐乎公寓 次渠 次渠门店,次渠,1700-2200,http://bj.58.com/pinpaigongyu/29628594478633x.shtml
【合租】梨园 小街之春嘉园 4室次卧,小街之春嘉园,1570,http://bj.58.com/pinpaigongyu/29835927767489x.shtml
【整租】乐乎公寓 黄村 海子角店,黄村,1700-2200,http://bj.58.com/pinpaigongyu/29824096799917x.shtml
【合租】回龙观 紫金新干线四区 3室次卧,紫金新干线四区,1760,http://bj.58.com/pinpaigongyu/29407177620679x.shtml
【合租】龙泽 新龙城 3室主卧,新龙城,1960,http://bj.58.com/pinpaigongyu/29669505585463x.shtml
【整租】看丹桥 看丹8号院 1室1厅,看丹8号院,1600,http://bj.58.com/pinpaigongyu/29738187449659x.shtml
【整租】好客公寓 亦庄 好客公寓,亦庄,2000-2100,http://bj.58.com/pinpaigongyu/29075475408318x.shtml
【合租】东坝 朝新嘉园东里四区 3室主卧,朝新嘉园东里四区,1780,http://bj.58.com/pinpaigongyu/29529092309313x.shtml
【合租】西二旗 融泽嘉园8号院 3室次卧,融泽嘉园8号院,1880,http://bj.58.com/pinpaigongyu/29801160225866x.shtml
【合租】龙泽 融泽嘉园2号院 3室次卧,融泽嘉园2号院,1880,http://bj.58.com/pinpaigongyu/29392682558399x.shtml
【整租】荣耀彩虹里青年社区 欢乐谷 朝阳店,欢乐谷,1980-2980,http://bj.58.com/pinpaigongyu/29702333076805x.shtml
【合租】西二旗 融泽嘉园8号院 3室次卧,融泽嘉园8号院,1780,http://bj.58.com/pinpaigongyu/29458928528830x.shtml
【合租】果园 新华联家园北区 5室次卧,新华联家园北区,1800,http://bj.58.com/pinpaigongyu/29638467335486x.shtml
【合租】西北旺 大牛坊一期 3室主卧,大牛坊一期,1700,http://bj.58.com/pinpaigongyu/29502475491006x.shtml
【合租】肖家河 肖家河回迁住宅( 3室次卧,肖家河回迁住宅(,1790,http://bj.58.com/pinpaigongyu/29824372082365x.shtml
【整租】乐乎公寓 黄村 海子角店,黄村,1850-2450,http://bj.58.com/pinpaigongyu/29782919198902x.shtml
【合租】龙泽 新龙城 3室主卧,新龙城,1960,http://bj.58.com/pinpaigongyu/29790748096459x.shtml
【整租】乐乎公寓 黄村 海子角店,黄村,2000-2450,http://bj.58.com/pinpaigongyu/29162819805368x.shtml
【合租】天竺 天竺翠竹新村 4室次卧,天竺翠竹新村,1680,http://bj.58.com/pinpaigongyu/29294590125766x.shtml
【合租】回龙观 紫金新干线二期 3室主卧,紫金新干线二期,1560,http://bj.58.com/pinpaigongyu/29569449113914x.shtml
【整租】乐乎公寓 次渠 次渠门店,次渠,1700-2200,http://bj.58.com/pinpaigongyu/29628594478633x.shtml
【合租】北关 物资学院路3号院 3室主卧,物资学院路3号院,1960,http://bj.58.com/pinpaigongyu/29514517014208x.shtml
【整租】乐乎公寓 黄村 海子角店,黄村,1700-2200,http://bj.58.com/pinpaigongyu/29824096799917x.shtml
【合租】果园 靓景明居 3室次卧,靓景明居,1650,http://bj.58.com/pinpaigongyu/29837739784120x.shtml
【合租】常营 苹果派 3室次卧,苹果派,1990,http://bj.58.com/pinpaigongyu/29473112256719x.shtml
【合租】西北旺 大牛坊一期 3室主卧,大牛坊一期,1600,http://bj.58.com/pinpaigongyu/29703839474877x.shtml
【整租】好客公寓 亦庄 好客公寓,亦庄,2000-2100,http://bj.58.com/pinpaigongyu/29075475408318x.shtml
【合租】龙泽 融泽嘉园6号院 3室主卧,融泽嘉园6号院,1780,http://bj.58.com/pinpaigongyu/29569216769453x.shtml
【合租】西北旺 大牛坊一期 3室次卧,大牛坊一期,1580,http://bj.58.com/pinpaigongyu/28554025173423x.shtml
【合租】西北旺 大牛坊 4室主卧,大牛坊,1890,http://bj.58.com/pinpaigongyu/28081349904318x.shtml
【整租】荣耀彩虹里青年社区 欢乐谷 朝阳店,欢乐谷,1980-2980,http://bj.58.com/pinpaigongyu/29702333076805x.shtml
【合租】管庄 管庄新村D区 3室次卧,管庄新村D区,1600,http://bj.58.com/pinpaigongyu/29716018726208x.shtml
【合租】龙泽 融泽嘉园2号院 3室次卧,融泽嘉园2号院,2000,http://bj.58.com/pinpaigongyu/29602363179064x.shtml
【合租】九棵树 K2玉兰湾 6室次卧,K2玉兰湾,1900,http://bj.58.com/pinpaigongyu/29458476889908x.shtml
【合租】西二旗 融泽嘉园8号院 2室次卧,融泽嘉园8号院,1880,http://bj.58.com/pinpaigongyu/29392193108682x.shtml
【整租】乐乎公寓 黄村 海子角店,黄村,1850-2450,http://bj.58.com/pinpaigongyu/29782919198902x.shtml
【合租】回龙观 紫金新干线四区 3室次卧,紫金新干线四区,1930,http://bj.58.com/pinpaigongyu/29783008299573x.shtml
【整租】乐乎公寓 黄村 海子角店,黄村,2000-2450,http://bj.58.com/pinpaigongyu/29162819805368x.shtml
【合租】赵公口 慧时欣园 4室次卧,慧时欣园,1980,http://bj.58.com/pinpaigongyu/29649661709639x.shtml
【整租】黄村 乐乎公寓 1室1厅,【整租】黄村,1850,http://bj.58.com/pinpaigongyu/29837150000939x.shtml
【整租】乐乎公寓 次渠 次渠门店,次渠,1700-2200,http://bj.58.com/pinpaigongyu/29628594478633x.shtml
【合租】回龙观 紫金新干线四区 3室主卧,紫金新干线四区,1860,http://bj.58.com/pinpaigongyu/29502965391673x.shtml
【整租】乐乎公寓 黄村 海子角店,黄村,1700-2200,http://bj.58.com/pinpaigongyu/29824096799917x.shtml
【合租】回龙观 领秀慧谷D区 3室主卧,领秀慧谷D区,1950,http://bj.58.com/pinpaigongyu/29185500806575x.shtml
【合租】回龙观 紫金新干线四区 3室次卧,紫金新干线四区,1599,http://bj.58.com/pinpaigongyu/29602833310270x.shtml
【合租】西二旗 融泽嘉园8号院 3室次卧,融泽嘉园8号院,1880,http://bj.58.com/pinpaigongyu/29669420820794x.shtml
【整租】好客公寓 亦庄 好客公寓,亦庄,2000-2100,http://bj.58.com/pinpaigongyu/29075475408318x.shtml
【整租】国贸 光华西里 1室0厅,光华西里,2000,http://bj.58.com/pinpaigongyu/29393590986062x.shtml
【合租】西二旗 融泽嘉园8号院 2室主卧,融泽嘉园8号院,1980,http://bj.58.com/pinpaigongyu/29801555148614x.shtml
【合租】九棵树 K2玉兰湾 5室次卧,K2玉兰湾,1900,http://bj.58.com/pinpaigongyu/29549253343540x.shtml
【整租】荣耀彩虹里青年社区 欢乐谷 朝阳店,欢乐谷,1980-2980,http://bj.58.com/pinpaigongyu/29702333076805x.shtml
【整租】后沙峪 莲竹花园 1室1厅,莲竹花园,2000,http://bj.58.com/pinpaigongyu/29416606011975x.shtml
【合租】龙泽 融泽嘉园6号院 2室次卧,融泽嘉园6号院,1880,http://bj.58.com/pinpaigongyu/29525085640396x.shtml
【合租】西北旺 大牛坊一期 3室主卧,大牛坊一期,1500,http://bj.58.com/pinpaigongyu/29726800895145x.shtml
【合租】北苑 北苑绣菊园南区 3室次卧,北苑绣菊园南区,1550,http://bj.58.com/pinpaigongyu/29419286675254x.shtml
【整租】乐乎公寓 黄村 海子角店,黄村,1850-2450,http://bj.58.com/pinpaigongyu/29782919198902x.shtml
【合租】回龙观 龙跃苑东二区 3室次卧,龙跃苑东二区,1500,http://bj.58.com/pinpaigongyu/29780131168706x.shtml
【整租】乐乎公寓 黄村 海子角店,黄村,2000-2450,http://bj.58.com/pinpaigongyu/29162819805368x.shtml
【合租】龙泽 新龙城 3室次卧,新龙城,1560,http://bj.58.com/pinpaigongyu/29791144073514x.shtml
【合租】回龙观 紫金新干线四区 3室主卧,紫金新干线四区,1860,http://bj.58.com/pinpaigongyu/29624543067705x.shtml
【整租】乐乎公寓 次渠 次渠门店,次渠,1700-2200,http://bj.58.com/pinpaigongyu/29628594478633x.shtml
【合租】霍营 紫金新干线二期 3室主卧,紫金新干线二期,1800,http://bj.58.com/pinpaigongyu/29824681431213x.shtml
【整租】乐乎公寓 黄村 海子角店,黄村,1700-2200,http://bj.58.com/pinpaigongyu/29824096799917x.shtml
【合租】双桥 金隅康惠园 3室主卧,金隅康惠园,1980,http://bj.58.com/pinpaigongyu/29474617017275x.shtml
【合租】霍营 紫金新干线四区 3室次卧,紫金新干线四区,1650,http://bj.58.com/pinpaigongyu/29647008920749x.shtml
【合租】北关 北关 友家公寓 3室次卧,北关,1760,http://bj.58.com/pinpaigongyu/29238212952909x.shtml
【整租】好客公寓 亦庄 好客公寓,亦庄,2000-2100,http://bj.58.com/pinpaigongyu/29075475408318x.shtml
【合租】马连洼 肖家河新村(圆明 3室次卧,肖家河新村(圆明,1900,http://bj.58.com/pinpaigongyu/29702405151927x.shtml
【合租】西二旗 融泽嘉园8号院 3室次卧,融泽嘉园8号院,1880,http://bj.58.com/pinpaigongyu/29813070273865x.shtml
【合租】梨园 华业东方玫瑰 3室主卧,华业东方玫瑰,1850,http://bj.58.com/pinpaigongyu/29502538272953x.shtml
【整租】荣耀彩虹里青年社区 欢乐谷 朝阳店,欢乐谷,1980-2980,http://bj.58.com/pinpaigongyu/29702333076805x.shtml
【合租】朝青板块 青年汇佳园 3室次卧,青年汇佳园,1930,http://bj.58.com/pinpaigongyu/29549952083536x.shtml
【合租】西北旺 大牛坊一期 3室主卧,大牛坊一期,1890,http://bj.58.com/pinpaigongyu/29472086213194x.shtml
【合租】西北旺 大牛坊二期 3室主卧,大牛坊二期,1890,http://bj.58.com/pinpaigongyu/29838372768462x.shtml
【合租】回龙观 融泽嘉园二号院 3室次卧,融泽嘉园二号院,1980,http://bj.58.com/pinpaigongyu/29693661277002x.shtml
【整租】乐乎公寓 黄村 海子角店,黄村,1850-2450,http://bj.58.com/pinpaigongyu/29782919198902x.shtml
【合租】回龙观 龙锦苑东五区 3室次卧,龙锦苑东五区,1500,http://bj.58.com/pinpaigongyu/29790552233909x.shtml
【整租】乐乎公寓 黄村 海子角店,黄村,2000-2450,http://bj.58.com/pinpaigongyu/29162819805368x.shtml
【合租】来广营 康营家园14期 3室主卧,康营家园14期,1780,http://bj.58.com/pinpaigongyu/29482074788410x.shtml
【合租】回龙观 龙跃苑东五区 3室主卧,龙跃苑东五区,1680,http://bj.58.com/pinpaigongyu/29702946239028x.shtml
【整租】乐乎公寓 次渠 次渠门店,次渠,1700-2200,http://bj.58.com/pinpaigongyu/29628594478633x.shtml
【合租】西二旗 西二旗铭科苑 3室次卧,西二旗铭科苑,1760,http://bj.58.com/pinpaigongyu/29813781354190x.shtml
【整租】乐乎公寓 黄村 海子角店,黄村,1700-2200,http://bj.58.com/pinpaigongyu/29824096799917x.shtml
【合租】望京 望京西园一区 3室次卧,望京西园一区,1990,http://bj.58.com/pinpaigongyu/29683039650357x.shtml
【合租】回龙观 良庄家园 3室主卧,良庄家园,1790,http://bj.58.com/pinpaigongyu/29294213037491x.shtml
【合租】物资学院路 慧合公寓 3室次卧,【合租】物资学院路,1760,http://bj.58.com/pinpaigongyu/29484840040517x.shtml
【整租】好客公寓 亦庄 好客公寓,亦庄,2000-2100,http://bj.58.com/pinpaigongyu/29075475408318x.shtml
【合租】西北旺 大牛坊一期 3室主卧,大牛坊一期,1990,http://bj.58.com/pinpaigongyu/29702727926479x.shtml
【合租】西北旺 大牛坊一期 3室次卧,大牛坊一期,1580,http://bj.58.com/pinpaigongyu/28731021150145x.shtml
【合租】西二旗 融泽嘉园8号院 3室次卧,融泽嘉园8号院,1980,http://bj.58.com/pinpaigongyu/29768938177080x.shtml
【整租】荣耀彩虹里青年社区 欢乐谷 朝阳店,欢乐谷,1980-2980,http://bj.58.com/pinpaigongyu/29702333076805x.shtml
【合租】西北旺 大牛坊二期 3室主卧,大牛坊二期,1890,http://bj.58.com/pinpaigongyu/29838362866490x.shtml
【合租】西北旺 大牛坊 3室主卧,大牛坊,1890,http://bj.58.com/pinpaigongyu/28985330644533x.shtml
【合租】西二旗 融泽嘉园8号院 3室次卧,融泽嘉园8号院,1980,http://bj.58.com/pinpaigongyu/29525866983603x.shtml
【合租】东坝 金隅汇景苑 3室次卧,金隅汇景苑,1660,http://bj.58.com/pinpaigongyu/29538754393035x.shtml
【整租】乐乎公寓 黄村 海子角店,黄村,1850-2450,http://bj.58.com/pinpaigongyu/29782919198902x.shtml
【合租】回龙观 龙锦苑东二区 3室主卧,龙锦苑东二区,1760,http://bj.58.com/pinpaigongyu/29769494575182x.shtml
【整租】乐乎公寓 黄村 海子角店,黄村,2000-2450,http://bj.58.com/pinpaigongyu/29162819805368x.shtml
【合租】霍营 紫金新干线四区 3室主卧,紫金新干线四区,1500,http://bj.58.com/pinpaigongyu/29426497381698x.shtml
【合租】回龙观 紫金新干线四区 3室主卧,紫金新干线四区,1600,http://bj.58.com/pinpaigongyu/29439943831500x.shtml
【整租】乐乎公寓 次渠 次渠门店,次渠,1700-2200,http://bj.58.com/pinpaigongyu/29628594478633x.shtml
【合租】霍营 紫金新干线 3室次卧,紫金新干线,1550,http://bj.58.com/pinpaigongyu/29769389610445x.shtml
【整租】乐乎公寓 黄村 海子角店,黄村,1700-2200,http://bj.58.com/pinpaigongyu/29824096799917x.shtml
【合租】回龙观 和谐家园二区 3室主卧,和谐家园二区,1699,http://bj.58.com/pinpaigongyu/29790884634174x.shtml
【合租】次渠 润枫领尚 3室主卧,润枫领尚,1880,http://bj.58.com/pinpaigongyu/29772379361743x.shtml
【合租】芍药居 芍药居4号院 4室次卧,芍药居4号院,1500,http://bj.58.com/pinpaigongyu/28707965151031x.shtml
【整租】好客公寓 亦庄 好客公寓,亦庄,2000-2100,http://bj.58.com/pinpaigongyu/29075475408318x.shtml
【合租】龙泽 融泽嘉园6号院 3室次卧,融泽嘉园6号院,1880,http://bj.58.com/pinpaigongyu/29735652378947x.shtml
【合租】西北旺 大牛坊二期 3室主卧,大牛坊二期,1890,http://bj.58.com/pinpaigongyu/29705954358334x.shtml
【合租】东坝 金隅汇景苑 3室主卧,金隅汇景苑,1800,http://bj.58.com/pinpaigongyu/29649909897928x.shtml
【整租】荣耀彩虹里青年社区 欢乐谷 朝阳店,欢乐谷,1980-2980,http://bj.58.com/pinpaigongyu/29702333076805x.shtml
【合租】龙泽 融泽嘉园6号院 3室次卧,融泽嘉园6号院,1780,http://bj.58.com/pinpaigongyu/29451471915723x.shtml
【合租】西二旗 融泽嘉园8号院 3室次卧,融泽嘉园8号院,1980,http://bj.58.com/pinpaigongyu/29496060628430x.shtml
【合租】双桥 东会新村 3室主卧,东会新村,1780,http://bj.58.com/pinpaigongyu/29781758000563x.shtml
【合租】龙泽 融泽嘉园6号院 3室次卧,融泽嘉园6号院,1880,http://bj.58.com/pinpaigongyu/29736383952819x.shtml
【整租】乐乎公寓 黄村 海子角店,黄村,1850-2450,http://bj.58.com/pinpaigongyu/29782919198902x.shtml
【合租】霍营 紫金新干线 3室主卧,紫金新干线,1860,http://bj.58.com/pinpaigongyu/29768465094327x.shtml
【整租】乐乎公寓 黄村 海子角店,黄村,2000-2450,http://bj.58.com/pinpaigongyu/29162819805368x.shtml
【合租】果园 靓景明居 3室次卧,靓景明居,1700,http://bj.58.com/pinpaigongyu/29130424601011x.shtml
【合租】高碑店 北花园 3室次卧,北花园,1790,http://bj.58.com/pinpaigongyu/29717735457346x.shtml
【整租】乐乎公寓 次渠 次渠门店,次渠,1700-2200,http://bj.58.com/pinpaigongyu/29628594478633x.shtml
【合租】霍营 紫金新干线四区 3室主卧,紫金新干线四区,1800,http://bj.58.com/pinpaigongyu/29706060413759x.shtml
【整租】乐乎公寓 黄村 海子角店,黄村,1700-2200,http://bj.58.com/pinpaigongyu/29824096799917x.shtml
【合租】回龙观 紫金新干线四区 3室主卧,紫金新干线四区,1860,http://bj.58.com/pinpaigongyu/29812628677198x.shtml
【合租】回龙观 回龙观新村中区 3室次卧,回龙观新村中区,1900,http://bj.58.com/pinpaigongyu/29790313721926x.shtml
【合租】龙泽 融泽嘉园6号院 3室次卧,融泽嘉园6号院,1980,http://bj.58.com/pinpaigongyu/29801199298378x.shtml
【整租】好客公寓 亦庄 好客公寓,亦庄,2000-2100,http://bj.58.com/pinpaigongyu/29075475408318x.shtml
【整租】望京 望京明苑 1室0厅,望京明苑,1800,http://bj.58.com/pinpaigongyu/29781790920875x.shtml
【合租】龙泽 融泽嘉园6号院 3室主卧,融泽嘉园6号院,1960,http://bj.58.com/pinpaigongyu/29779466228921x.shtml
【合租】马连洼 百旺杏林湾 4室次卧,百旺杏林湾,1990,http://bj.58.com/pinpaigongyu/29705141961271x.shtml
【整租】荣耀彩虹里青年社区 欢乐谷 朝阳店,欢乐谷,1980-2980,http://bj.58.com/pinpaigongyu/29702333076805x.shtml
【合租】龙泽 融泽嘉园6号院 3室次卧,融泽嘉园6号院,1880,http://bj.58.com/pinpaigongyu/29496305413805x.shtml
【合租】东坝 利锦府 3室主卧,利锦府,1600,http://bj.58.com/pinpaigongyu/29617373455814x.shtml
【合租】西二旗 融泽嘉园8号院 3室次卧,融泽嘉园8号院,1980,http://bj.58.com/pinpaigongyu/29779072325801x.shtml
【整租】大望路 华贸中心 1室0厅,华贸中心,2000,http://bj.58.com/pinpaigongyu/29382762953518x.shtml
【整租】乐乎公寓 黄村 海子角店,黄村,1850-2450,http://bj.58.com/pinpaigongyu/29782919198902x.shtml
【合租】龙泽 新龙城 3室主卧,新龙城,1960,http://bj.58.com/pinpaigongyu/29724892901967x.shtml
【整租】乐乎公寓 黄村 海子角店,黄村,2000-2450,http://bj.58.com/pinpaigongyu/29162819805368x.shtml
【合租】望京 望京西园一区 3室次卧,望京西园一区,1980,http://bj.58.com/pinpaigongyu/29683035140297x.shtml
【合租】马连道 建茗园 3室主卧,建茗园,1990,http://bj.58.com/pinpaigongyu/29691411586626x.shtml
【整租】乐乎公寓 次渠 次渠门店,次渠,1700-2200,http://bj.58.com/pinpaigongyu/29628594478633x.shtml
【合租】次渠 定海园三里 3室主卧,定海园三里,1660,http://bj.58.com/pinpaigongyu/29506210159170x.shtml
【整租】乐乎公寓 黄村 海子角店,黄村,1700-2200,http://bj.58.com/pinpaigongyu/29824096799917x.shtml
【合租】霍营 紫金新干线 3室主卧,紫金新干线,1800,http://bj.58.com/pinpaigongyu/29661680524751x.shtml
【合租】回龙观 紫金新干线四区 3室次卧,紫金新干线四区,1500,http://bj.58.com/pinpaigongyu/29484010295362x.shtml
【合租】西北旺 大牛坊二期 3室次卧,大牛坊二期,1580,http://bj.58.com/pinpaigongyu/29550940746929x.shtml
【整租】好客公寓 亦庄 好客公寓,亦庄,2000-2100,http://bj.58.com/pinpaigongyu/29075475408318x.shtml
【合租】龙泽 融泽嘉园6号院 3室主卧,融泽嘉园6号院,1980,http://bj.58.com/pinpaigongyu/29414380564937x.shtml
【合租】龙泽 融泽嘉园2号院 3室次卧,融泽嘉园2号院,1880,http://bj.58.com/pinpaigongyu/29712801332542x.shtml
【合租】西北旺 大牛坊一期 3室主卧,大牛坊一期,1700,http://bj.58.com/pinpaigongyu/29428329442512x.shtml
【整租】荣耀彩虹里青年社区 欢乐谷 朝阳店,欢乐谷,1980-2980,http://bj.58.com/pinpaigongyu/29702333076805x.shtml
【整租】青塔 万科中粮假日风景 1室0厅,万科中粮假日风景,1600,http://bj.58.com/pinpaigongyu/29760694621739x.shtml
【合租】龙泽 融泽嘉园一号院 3室次卧,融泽嘉园一号院,1980,http://bj.58.com/pinpaigongyu/29727991055040x.shtml
【合租】李桥 机场樱花园一区 6室主卧,机场樱花园一区,1580,http://bj.58.com/pinpaigongyu/29748179479617x.shtml
【合租】北苑 绣菊园 3室次卧,绣菊园,1900,http://bj.58.com/pinpaigongyu/29084115528365x.shtml
【整租】乐乎公寓 黄村 海子角店,黄村,1850-2450,http://bj.58.com/pinpaigongyu/29782919198902x.shtml
【合租】劲松 劲松一区 3室次卧,劲松一区,1980,http://bj.58.com/pinpaigongyu/29625268092599x.shtml
【整租】乐乎公寓 黄村 海子角店,黄村,2000-2450,http://bj.58.com/pinpaigongyu/29162819805368x.shtml
【合租】回龙观 龙跃苑东四区 3室主卧,龙跃苑东四区,1600,http://bj.58.com/pinpaigongyu/29802683686471x.shtml
【合租】回龙观 龙博苑一区 3室次卧,龙博苑一区,1590,http://bj.58.com/pinpaigongyu/29570204346287x.shtml
【整租】乐乎公寓 次渠 次渠门店,次渠,1700-2200,http://bj.58.com/pinpaigongyu/29628594478633x.shtml
【合租】北关 物资学院路3号院 3室次卧,物资学院路3号院,1960,http://bj.58.com/pinpaigongyu/29669612348364x.shtml
【整租】乐乎公寓 黄村 海子角店,黄村,1700-2200,http://bj.58.com/pinpaigongyu/29824096799917x.shtml
【合租】回龙观 新龙城 3室次卧,新龙城,1860,http://bj.58.com/pinpaigongyu/29724217059526x.shtml
【合租】回龙观 紫金新干线四区 3室次卧,紫金新干线四区,1599,http://bj.58.com/pinpaigongyu/29584259000911x.shtml
【合租】西北旺 大牛坊二期 3室主卧,大牛坊二期,1890,http://bj.58.com/pinpaigongyu/29539013452606x.shtml
【整租】好客公寓 亦庄 好客公寓,亦庄,2000-2100,http://bj.58.com/pinpaigongyu/29075475408318x.shtml
【合租】龙泽 融泽嘉园2号院 2室次卧,融泽嘉园2号院,1880,http://bj.58.com/pinpaigongyu/29546950201163x.shtml
【合租】西北旺 大牛坊一期 3室主卧,大牛坊一期,1600,http://bj.58.com/pinpaigongyu/29760685946695x.shtml
【合租】九棵树 K2玉兰湾 6室次卧,K2玉兰湾,1600,http://bj.58.com/pinpaigongyu/29690771928499x.shtml
【整租】荣耀彩虹里青年社区 欢乐谷 朝阳店,欢乐谷,1980-2980,http://bj.58.com/pinpaigongyu/29702333076805x.shtml
【合租】常营 慧合公寓 3室主卧,【合租】常营,1960,http://bj.58.com/pinpaigongyu/29506395530538x.shtml
【合租】西二旗 金域华府 4室次卧,金域华府,1880,http://bj.58.com/pinpaigongyu/29757274867385x.shtml
【合租】西二旗 融泽嘉园8号院 3室次卧,融泽嘉园8号院,1880,http://bj.58.com/pinpaigongyu/29679537982416x.shtml
【合租】肖家河 肖家河回迁住宅( 3室次卧,肖家河回迁住宅(,1790,http://bj.58.com/pinpaigongyu/29826427795777x.shtml
【整租】乐乎公寓 黄村 海子角店,黄村,1850-2450,http://bj.58.com/pinpaigongyu/29782919198902x.shtml
【合租】垡头 垡头翠成馨园 3室次卧,垡头翠成馨园,1880,http://bj.58.com/pinpaigongyu/29615789740724x.shtml
【整租】乐乎公寓 黄村 海子角店,黄村,2000-2450,http://bj.58.com/pinpaigongyu/29162819805368x.shtml
【合租】次渠 定海园三里 1室主卧,定海园三里,1680,http://bj.58.com/pinpaigongyu/29772405456427x.shtml
【合租】朝青板块 金隅汇星苑 3室主卧,金隅汇星苑,1990,http://bj.58.com/pinpaigongyu/29474155148621x.shtml
【整租】乐乎公寓 次渠 次渠门店,次渠,1700-2200,http://bj.58.com/pinpaigongyu/29628594478633x.shtml
【合租】上地 宣海家园 3室主卧,宣海家园,1850,http://bj.58.com/pinpaigongyu/29514374671543x.shtml
【整租】乐乎公寓 黄村 海子角店,黄村,1700-2200,http://bj.58.com/pinpaigongyu/29824096799917x.shtml
【合租】霍营 紫金新干线 3室主卧,紫金新干线,1699,http://bj.58.com/pinpaigongyu/29760679105581x.shtml
【合租】四惠 力源里小区 3室次卧,力源里小区,1990,http://bj.58.com/pinpaigongyu/29627015962291x.shtml
【合租】西二旗 铭科苑 3室次卧,铭科苑,1750,http://bj.58.com/pinpaigongyu/29824182147121x.shtml
【整租】好客公寓 亦庄 好客公寓,亦庄,2000-2100,http://bj.58.com/pinpaigongyu/29075475408318x.shtml
【合租】西二旗 西二旗铭科苑 3室次卧,西二旗铭科苑,1750,http://bj.58.com/pinpaigongyu/29826396257980x.shtml
【合租】大望路 金隅康惠园 3室主卧,金隅康惠园,1700,http://bj.58.com/pinpaigongyu/29451914205740x.shtml
【合租】西北旺 大牛坊二期 3室主卧,大牛坊二期,1600,http://bj.58.com/pinpaigongyu/29669255614635x.shtml
【整租】荣耀彩虹里青年社区 欢乐谷 朝阳店,欢乐谷,1980-2980,http://bj.58.com/pinpaigongyu/29702333076805x.shtml
【合租】龙泽 融泽嘉园2号院 3室主卧,融泽嘉园2号院,1880,http://bj.58.com/pinpaigongyu/29668913260739x.shtml
【合租】东坝 金隅悦和园 3室主卧,金隅悦和园,1680,http://bj.58.com/pinpaigongyu/29569172996908x.shtml
【合租】龙泽 融泽嘉园6号院 3室次卧,融泽嘉园6号院,1900,http://bj.58.com/pinpaigongyu/29370376641324x.shtml
【合租】龙泽 融泽嘉园6号院 3室次卧,融泽嘉园6号院,2000,http://bj.58.com/pinpaigongyu/29727698142132x.shtml
【整租】乐乎公寓 黄村 海子角店,黄村,1850-2450,http://bj.58.com/pinpaigongyu/29782919198902x.shtml
【合租】旧宫 灵秀山庄 3室次卧,灵秀山庄,1650,http://bj.58.com/pinpaigongyu/29063170250059x.shtml
【整租】乐乎公寓 黄村 海子角店,黄村,2000-2450,http://bj.58.com/pinpaigongyu/29162819805368x.shtml
【整租】黄村 乐乎城市青年社区 1室1厅,【整租】黄村,1700,http://bj.58.com/pinpaigongyu/29836874145212x.shtml
【合租】西二旗 金域华府 3室主卧,金域华府,1950,http://bj.58.com/pinpaigongyu/29669476934588x.shtml
【整租】乐乎公寓 次渠 次渠门店,次渠,1700-2200,http://bj.58.com/pinpaigongyu/29628594478633x.shtml
【合租】双桥 金隅康惠园 3室次卧,金隅康惠园,1990,http://bj.58.com/pinpaigongyu/29261697730603x.shtml
【整租】乐乎公寓 黄村 海子角店,黄村,1700-2200,http://bj.58.com/pinpaigongyu/29824096799917x.shtml
【合租】朝青板块 润风水尚东区 5室次卧,润风水尚东区,1990,http://bj.58.com/pinpaigongyu/29472440147766x.shtml
【合租】回龙观 紫金新干线四区 3室主卧,紫金新干线四区,1780,http://bj.58.com/pinpaigongyu/29791007865523x.shtml
【合租】温泉 环保嘉苑 3室主卧,环保嘉苑,1990,http://bj.58.com/pinpaigongyu/29461578034741x.shtml
【整租】好客公寓 亦庄 好客公寓,亦庄,2000-2100,http://bj.58.com/pinpaigongyu/29075475408318x.shtml
【整租】机场 裕京花园 1室1厅,裕京花园,2000,http://bj.58.com/pinpaigongyu/29760764920912x.shtml
【合租】管庄 京通苑阳光华苑 3室主卧,京通苑阳光华苑,1950,http://bj.58.com/pinpaigongyu/29782592310077x.shtml
【整租】通州北苑 北苑mini家园 1室0厅,北苑mini家园,2000,http://bj.58.com/pinpaigongyu/29270616366122x.shtml
【整租】荣耀彩虹里青年社区 欢乐谷 朝阳店,欢乐谷,1980-2980,http://bj.58.com/pinpaigongyu/29702333076805x.shtml
【合租】西北旺 大牛坊二期 3室次卧,大牛坊二期,1580,http://bj.58.com/pinpaigongyu/29403741482807x.shtml
【合租】果园 新华联家园北区 4室次卧,新华联家园北区,1800,http://bj.58.com/pinpaigongyu/29669883709900x.shtml
【合租】西二旗 融泽嘉园8号院 3室次卧,融泽嘉园8号院,1980,http://bj.58.com/pinpaigongyu/29683097816645x.shtml
【合租】东坝 金隅汇景苑 3室次卧,金隅汇景苑,1660,http://bj.58.com/pinpaigongyu/29529122793292x.shtml
【整租】乐乎公寓 黄村 海子角店,黄村,1850-2450,http://bj.58.com/pinpaigongyu/29782919198902x.shtml
【合租】上地 上林溪 3室次卧,上林溪,1800,http://bj.58.com/pinpaigongyu/29792880659399x.shtml
【整租】乐乎公寓 黄村 海子角店,黄村,2000-2450,http://bj.58.com/pinpaigongyu/29162819805368x.shtml
【合租】梨园 华业东方玫瑰 3室次卧,华业东方玫瑰,1660,http://bj.58.com/pinpaigongyu/29836966875189x.shtml
【合租】霍营 新干线家园一区 3室次卧,新干线家园一区,1850,http://bj.58.com/pinpaigongyu/29669861575237x.shtml
【整租】乐乎公寓 次渠 次渠门店,次渠,1700-2200,http://bj.58.com/pinpaigongyu/29628594478633x.shtml
【合租】龙泽 新龙城 3室次卧,新龙城,1960,http://bj.58.com/pinpaigongyu/29790442120259x.shtml
【整租】乐乎公寓 黄村 海子角店,黄村,1700-2200,http://bj.58.com/pinpaigongyu/29824096799917x.shtml
【合租】小红门 鸿博家园F区(红 3室次卧,鸿博家园F区(红,1500,http://bj.58.com/pinpaigongyu/29326588024014x.shtml
【合租】霍营 紫金新干线 3室主卧,紫金新干线,1760,http://bj.58.com/pinpaigongyu/29757622909124x.shtml
【合租】西北旺 大牛坊一期 3室主卧,大牛坊一期,1690,http://bj.58.com/pinpaigongyu/28081345152316x.shtml
【整租】好客公寓 亦庄 好客公寓,亦庄,2000-2100,http://bj.58.com/pinpaigongyu/29075475408318x.shtml
【合租】龙泽 融泽嘉园6号院 3室次卧,融泽嘉园6号院,1880,http://bj.58.com/pinpaigongyu/29758030047158x.shtml
【合租】梨园 小街之春嘉园 4室主卧,小街之春嘉园,1500,http://bj.58.com/pinpaigongyu/29691323659057x.shtml
【合租】西二旗 金域华府 3室次卧,金域华府,1880,http://bj.58.com/pinpaigongyu/29780225106889x.shtml
【整租】荣耀彩虹里青年社区 欢乐谷 朝阳店,欢乐谷,1980-2980,http://bj.58.com/pinpaigongyu/29702333076805x.shtml
【合租】西北旺 大牛坊一期 3室主卧,大牛坊一期,1990,http://bj.58.com/pinpaigongyu/29462011096643x.shtml
【合租】龙泽 融泽嘉园2号院 3室次卧,融泽嘉园2号院,1880,http://bj.58.com/pinpaigongyu/29727942340009x.shtml
【合租】回龙观 融泽嘉园二号院 3室次卧,融泽嘉园二号院,1880,http://bj.58.com/pinpaigongyu/29713091394228x.shtml
【合租】西北旺 大牛坊二期 3室主卧,大牛坊二期,1600,http://bj.58.com/pinpaigongyu/29414374292038x.shtml
【整租】乐乎公寓 黄村 海子角店,黄村,1850-2450,http://bj.58.com/pinpaigongyu/29782919198902x.shtml
【合租】回龙观 良庄家园 3室主卧,良庄家园,2000,http://bj.58.com/pinpaigongyu/29625300373946x.shtml
【整租】乐乎公寓 黄村 海子角店,黄村,2000-2450,http://bj.58.com/pinpaigongyu/29162819805368x.shtml
【合租】马家堡 城南嘉园益嘉园 3室主卧,城南嘉园益嘉园,1990,http://bj.58.com/pinpaigongyu/29727755845803x.shtml
【整租】黄村 乐乎城市青年社区 1室1厅,【整租】黄村,1800,http://bj.58.com/pinpaigongyu/29768480924364x.shtml
【整租】乐乎公寓 次渠 次渠门店,次渠,1700-2200,http://bj.58.com/pinpaigongyu/29628594478633x.shtml
【合租】四惠 力源里小区 4室次卧,力源里小区,1980,http://bj.58.com/pinpaigongyu/29627000928065x.shtml
【整租】乐乎公寓 黄村 海子角店,黄村,1700-2200,http://bj.58.com/pinpaigongyu/29824096799917x.shtml
【合租】龙泽 新龙城 3室主卧,新龙城,1860,http://bj.58.com/pinpaigongyu/29735238916287x.shtml
【合租】朝青板块 佳艺青年汇 3室主卧,佳艺青年汇,1780,http://bj.58.com/pinpaigongyu/29724861468462x.shtml
【合租】东坝 金隅汇景苑 3室次卧,金隅汇景苑,1560,http://bj.58.com/pinpaigongyu/29585182374601x.shtml
【整租】好客公寓 亦庄 好客公寓,亦庄,2000-2100,http://bj.58.com/pinpaigongyu/29075475408318x.shtml
【合租】西北旺 大牛坊一期 3室次卧,大牛坊一期,1580,http://bj.58.com/pinpaigongyu/28676698292299x.shtml
【合租】管庄 瑞祥里小区 3室主卧,瑞祥里小区,1750,http://bj.58.com/pinpaigongyu/29781379287612x.shtml
【合租】西二旗 领秀新硅谷C区 5室次卧,领秀新硅谷C区,1790,http://bj.58.com/pinpaigongyu/29835669640134x.shtml
【整租】荣耀彩虹里青年社区 欢乐谷 朝阳店,欢乐谷,1980-2980,http://bj.58.com/pinpaigongyu/29702333076805x.shtml
【合租】回龙观 回龙观新村中区 3室次卧,回龙观新村中区,1870,http://bj.58.com/pinpaigongyu/29562124232636x.shtml
【合租】物资学院路 新建村 2室主卧,新建村,1800,http://bj.58.com/pinpaigongyu/29636388517930x.shtml
【合租】西二旗 融泽嘉园8号院 3室次卧,融泽嘉园8号院,1980,http://bj.58.com/pinpaigongyu/29594916831046x.shtml
【合租】龙泽 融泽嘉园2号院 3室次卧,融泽嘉园2号院,1880,http://bj.58.com/pinpaigongyu/29606120068778x.shtml
【整租】乐乎公寓 黄村 海子角店,黄村,1850-2450,http://bj.58.com/pinpaigongyu/29782919198902x.shtml
【合租】回龙观 新龙城二期 4室主卧,新龙城二期,1890,http://bj.58.com/pinpaigongyu/29812625791933x.shtml
【整租】乐乎公寓 黄村 海子角店,黄村,2000-2450,http://bj.58.com/pinpaigongyu/29162819805368x.shtml
【合租】回龙观 龙腾苑六区 3室次卧,龙腾苑六区,1799,http://bj.58.com/pinpaigongyu/29573184576201x.shtml
【合租】回龙观 紫金新干线四区 3室主卧,紫金新干线四区,1860,http://bj.58.com/pinpaigongyu/29706029792573x.shtml
【整租】乐乎公寓 次渠 次渠门店,次渠,1700-2200,http://bj.58.com/pinpaigongyu/29628594478633x.shtml
【合租】回龙观 紫金新干线四区 3室主卧,紫金新干线四区,1660,http://bj.58.com/pinpaigongyu/29580195045954x.shtml
【整租】乐乎公寓 黄村 海子角店,黄村,1700-2200,http://bj.58.com/pinpaigongyu/29824096799917x.shtml
【合租】回龙观 紫金新干线四区 4室次卧,紫金新干线四区,1890,http://bj.58.com/pinpaigongyu/29783034602561x.shtml
【合租】回龙观 和谐家园一区 3室次卧,和谐家园一区,1699,http://bj.58.com/pinpaigongyu/29794118774211x.shtml
【合租】回龙观 回龙观新村中区 3室次卧,回龙观新村中区,1790,http://bj.58.com/pinpaigongyu/29538462603580x.shtml
【整租】好客公寓 亦庄 好客公寓,亦庄,2000-2100,http://bj.58.com/pinpaigongyu/29075475408318x.shtml
【合租】西北旺 大牛坊一期 3室主卧,大牛坊一期,1890,http://bj.58.com/pinpaigongyu/29447942202563x.shtml
【合租】龙泽 融泽嘉园一号院 4室次卧,融泽嘉园一号院,1980,http://bj.58.com/pinpaigongyu/29701770006346x.shtml
【合租】西北旺 大牛坊二期 3室主卧,大牛坊二期,1890,http://bj.58.com/pinpaigongyu/29806375614764x.shtml
【整租】荣耀彩虹里青年社区 欢乐谷 朝阳店,欢乐谷,1980-2980,http://bj.58.com/pinpaigongyu/29702333076805x.shtml
【合租】东坝 金泰丽富嘉园 3室主卧,金泰丽富嘉园,1650,http://bj.58.com/pinpaigongyu/29529377843639x.shtml
【合租】龙泽 融泽嘉园6号院 3室次卧,融泽嘉园6号院,1980,http://bj.58.com/pinpaigongyu/28739996901801x.shtml
【合租】东坝 金隅汇景苑 3室主卧,金隅汇景苑,1880,http://bj.58.com/pinpaigongyu/29651799402695x.shtml
【合租】西北旺 大牛坊二期 3室主卧,大牛坊二期,1990,http://bj.58.com/pinpaigongyu/29838354381760x.shtml
【整租】乐乎公寓 黄村 海子角店,黄村,1850-2450,http://bj.58.com/pinpaigongyu/29782919198902x.shtml
【合租】回龙观 南店新村 3室主卧,南店新村,1699,http://bj.58.com/pinpaigongyu/29760326055219x.shtml
【整租】乐乎公寓 黄村 海子角店,黄村,2000-2450,http://bj.58.com/pinpaigongyu/29162819805368x.shtml
【合租】回龙观 紫金新干线四区 3室主卧,紫金新干线四区,1760,http://bj.58.com/pinpaigongyu/29646867148596x.shtml
【合租】回龙观 新龙城二期 3室主卧,新龙城二期,1880,http://bj.58.com/pinpaigongyu/29407405817798x.shtml
【整租】乐乎公寓 次渠 次渠门店,次渠,1700-2200,http://bj.58.com/pinpaigongyu/29628594478633x.shtml
【合租】管庄 远洋一方润园 3室次卧,远洋一方润园,2000,http://bj.58.com/pinpaigongyu/29704328581942x.shtml
【整租】乐乎公寓 黄村 海子角店,黄村,1700-2200,http://bj.58.com/pinpaigongyu/29824096799917x.shtml
【合租】龙泽 新龙城 3室次卧,新龙城,1560,http://bj.58.com/pinpaigongyu/29705405879476x.shtml
【合租】新国展 满庭芳嘉园(裕安 3室次卧,满庭芳嘉园(裕安,1950,http://bj.58.com/pinpaigongyu/29284340126786x.shtml
【合租】龙泽 融泽嘉园2号院 3室主卧,融泽嘉园2号院,1860,http://bj.58.com/pinpaigongyu/29602553495094x.shtml
【整租】好客公寓 亦庄 好客公寓,亦庄,2000-2100,http://bj.58.com/pinpaigongyu/29075475408318x.shtml
【合租】北苑 紫绶园 3室次卧,紫绶园,1880,http://bj.58.com/pinpaigongyu/29638263558324x.shtml
【整租】北大地 东安街头条1号院 1室0厅,东安街头条1号院,1599,http://bj.58.com/pinpaigongyu/29760576609975x.shtml
【合租】西二旗 融泽嘉园8号院 3室次卧,融泽嘉园8号院,1880,http://bj.58.com/pinpaigongyu/29606338759887x.shtml
【整租】荣耀彩虹里青年社区 欢乐谷 朝阳店,欢乐谷,1980-2980,http://bj.58.com/pinpaigongyu/29702333076805x.shtml
【合租】果园 新华联家园北区 5室主卧,新华联家园北区,1800,http://bj.58.com/pinpaigongyu/29639310285769x.shtml
【合租】西二旗 融泽嘉园8号院 2室次卧,融泽嘉园8号院,1880,http://bj.58.com/pinpaigongyu/29396648133556x.shtml
【合租】龙泽 融泽嘉园6号院 3室次卧,融泽嘉园6号院,1980,http://bj.58.com/pinpaigongyu/29679667227188x.shtml
【合租】潞城 海纳公寓 1室主卧,【合租】潞城,1500,http://bj.58.com/pinpaigongyu/29839733630251x.shtml
【整租】乐乎公寓 黄村 海子角店,黄村,1850-2450,http://bj.58.com/pinpaigongyu/29782919198902x.shtml
【整租】亦庄 乐乎公寓 1室1厅,【整租】亦庄,1500,http://bj.58.com/pinpaigongyu/29837163844428x.shtml
【整租】乐乎公寓 黄村 海子角店,黄村,2000-2450,http://bj.58.com/pinpaigongyu/29162819805368x.shtml
【合租】物资学院路 新建村 3室次卧,新建村,1960,http://bj.58.com/pinpaigongyu/29514501307319x.shtml
【合租】回龙观 龙锦苑东一区 3室次卧,龙锦苑东一区,1760,http://bj.58.com/pinpaigongyu/29570647863871x.shtml
【整租】乐乎公寓 次渠 次渠门店,次渠,1700-2200,http://bj.58.com/pinpaigongyu/29628594478633x.shtml
【合租】孙河 康营小区 3室次卧,康营小区,1950,http://bj.58.com/pinpaigongyu/29459446443449x.shtml
【整租】乐乎公寓 黄村 海子角店,黄村,1700-2200,http://bj.58.com/pinpaigongyu/29824096799917x.shtml
【合租】霍营 龙锦苑东四区 3室次卧,龙锦苑东四区,1500,http://bj.58.com/pinpaigongyu/29812761949238x.shtml
【合租】酒仙桥 东风家园 3室主卧,东风家园,1930,http://bj.58.com/pinpaigongyu/29747196902090x.shtml
【合租】龙泽 融泽嘉园一号院 3室次卧,融泽嘉园一号院,1880,http://bj.58.com/pinpaigongyu/29746410372011x.shtml
【整租】好客公寓 亦庄 好客公寓,亦庄,2000-2100,http://bj.58.com/pinpaigongyu/29075475408318x.shtml
【合租】管庄 管庄新村D区 3室次卧,管庄新村D区,1600,http://bj.58.com/pinpaigongyu/29502804901835x.shtml
【整租】卢沟桥 丰西东区铁路住宅 1室0厅,丰西东区铁路住宅,1599,http://bj.58.com/pinpaigongyu/29007392226110x.shtml
【合租】龙泽 融泽嘉园2号院 3室次卧,融泽嘉园2号院,1980,http://bj.58.com/pinpaigongyu/29636743331505x.shtml
【整租】荣耀彩虹里青年社区 欢乐谷 朝阳店,欢乐谷,1980-2980,http://bj.58.com/pinpaigongyu/29702333076805x.shtml
【合租】西北旺 大牛坊二期 3室主卧,大牛坊二期,1890,http://bj.58.com/pinpaigongyu/29183263779915x.shtml
【合租】龙泽 融泽嘉园2号院 3室次卧,融泽嘉园2号院,1880,http://bj.58.com/pinpaigongyu/29770080762559x.shtml
【合租】西二旗 融泽嘉园8号院 3室次卧,融泽嘉园8号院,1880,http://bj.58.com/pinpaigongyu/29757939598534x.shtml
【合租】九棵树 K2玉兰湾 6室次卧,K2玉兰湾,1700,http://bj.58.com/pinpaigongyu/29800904553920x.shtml
【整租】乐乎公寓 黄村 海子角店,黄村,1850-2450,http://bj.58.com/pinpaigongyu/29782919198902x.shtml
【合租】成寿寺 华芳园 4室主卧,华芳园,1890,http://bj.58.com/pinpaigongyu/29616054953013x.shtml
【整租】乐乎公寓 黄村 海子角店,黄村,2000-2450,http://bj.58.com/pinpaigongyu/29162819805368x.shtml
【合租】霍营 紫金新干线 3室主卧,紫金新干线,1860,http://bj.58.com/pinpaigongyu/29768340067396x.shtml
【合租】霍营 紫金新干线 3室主卧,紫金新干线,1699,http://bj.58.com/pinpaigongyu/29793792578355x.shtml
【整租】乐乎公寓 次渠 次渠门店,次渠,1700-2200,http://bj.58.com/pinpaigongyu/29628594478633x.shtml
【合租】北苑 广华居 3室主卧,广华居,1940,http://bj.58.com/pinpaigongyu/29747407298384x.shtml
【整租】乐乎公寓 黄村 海子角店,黄村,1700-2200,http://bj.58.com/pinpaigongyu/29824096799917x.shtml
【合租】管庄 管庄东里 4室次卧,管庄东里,1950,http://bj.58.com/pinpaigongyu/29693873248846x.shtml
【合租】新宫 德鑫嘉园 3室次卧,德鑫嘉园,1890,http://bj.58.com/pinpaigongyu/29671390149428x.shtml
【合租】西北旺 大牛坊一期 3室主卧,大牛坊一期,1600,http://bj.58.com/pinpaigongyu/29791693590837x.shtml
【整租】好客公寓 亦庄 好客公寓,亦庄,2000-2100,http://bj.58.com/pinpaigongyu/29075475408318x.shtml
【合租】龙泽 融泽嘉园2号院 3室次卧,融泽嘉园2号院,1980,http://bj.58.com/pinpaigongyu/29772885105961x.shtml
【合租】物资学院路 慧合公寓 1室主卧,【合租】物资学院路,1960,http://bj.58.com/pinpaigongyu/29484749574829x.shtml
【合租】西二旗 融泽嘉园8号院 3室次卧,融泽嘉园8号院,1980,http://bj.58.com/pinpaigongyu/29452204889647x.shtml
【整租】荣耀彩虹里青年社区 欢乐谷 朝阳店,欢乐谷,1980-2980,http://bj.58.com/pinpaigongyu/29702333076805x.shtml
【合租】西北旺 大牛坊一期 3室主卧,大牛坊一期,1690,http://bj.58.com/pinpaigongyu/29429364661067x.shtml
【合租】龙泽 融泽嘉园2号院 3室次卧,融泽嘉园2号院,1980,http://bj.58.com/pinpaigongyu/29370266959019x.shtml
【合租】龙泽 融泽嘉园6号院 3室次卧,融泽嘉园6号院,1880,http://bj.58.com/pinpaigongyu/29693896057031x.shtml
【合租】西北旺 大牛坊一期 3室主卧,大牛坊一期,1890,http://bj.58.com/pinpaigongyu/29737256971970x.shtml
【整租】乐乎公寓 黄村 海子角店,黄村,1850-2450,http://bj.58.com/pinpaigongyu/29782919198902x.shtml
【合租】潘家园 松榆里社区 3室次卧,松榆里社区,2000,http://bj.58.com/pinpaigongyu/29693245965881x.shtml
【整租】乐乎公寓 黄村 海子角店,黄村,2000-2450,http://bj.58.com/pinpaigongyu/29162819805368x.shtml
【合租】回龙观 龙跃苑东四区 3室主卧,龙跃苑东四区,1760,http://bj.58.com/pinpaigongyu/29768209630534x.shtml
【合租】梨园 小街之春嘉园 3室次卧,小街之春嘉园,1560,http://bj.58.com/pinpaigongyu/29836650270661x.shtml
【整租】乐乎公寓 次渠 次渠门店,次渠,1700-2200,http://bj.58.com/pinpaigongyu/29628594478633x.shtml
【合租】回龙观 紫金新干线二期 3室次卧,紫金新干线二期,1560,http://bj.58.com/pinpaigongyu/29602846531891x.shtml
【整租】乐乎公寓 黄村 海子角店,黄村,1700-2200,http://bj.58.com/pinpaigongyu/29824096799917x.shtml
【合租】后沙峪 三山新新家园 3室次卧,三山新新家园,1980,http://bj.58.com/pinpaigongyu/29669740522575x.shtml
【合租】酒仙桥 驼房营南里 3室主卧,驼房营南里,1990,http://bj.58.com/pinpaigongyu/29683834698812x.shtml
【合租】东坝 金隅汇景苑 2室主卧,金隅汇景苑,1680,http://bj.58.com/pinpaigongyu/29648258335817x.shtml
【整租】好客公寓 亦庄 好客公寓,亦庄,2000-2100,http://bj.58.com/pinpaigongyu/29075475408318x.shtml
【合租】龙泽 融泽嘉园2号院 3室次卧,融泽嘉园2号院,1880,http://bj.58.com/pinpaigongyu/29812405906221x.shtml
【合租】东坝 金隅汇景苑 3室主卧,金隅汇景苑,1660,http://bj.58.com/pinpaigongyu/29569253440198x.shtml
【合租】龙泽 融泽嘉园6号院 3室次卧,融泽嘉园6号院,1880,http://bj.58.com/pinpaigongyu/29540232350910x.shtml
【整租】荣耀彩虹里青年社区 欢乐谷 朝阳店,欢乐谷,1980-2980,http://bj.58.com/pinpaigongyu/29702333076805x.shtml
【合租】龙泽 融泽嘉园6号院 3室次卧,融泽嘉园6号院,1980,http://bj.58.com/pinpaigongyu/29761143565113x.shtml
【合租】物资学院路 新建村 2室次卧,新建村,1780,http://bj.58.com/pinpaigongyu/29595290273597x.shtml
【合租】东坝 金隅汇景苑 3室次卧,金隅汇景苑,1660,http://bj.58.com/pinpaigongyu/29528950968509x.shtml
【合租】梨园 华业东方玫瑰 4室次卧,华业东方玫瑰,1600,http://bj.58.com/pinpaigongyu/29404156589898x.shtml
【整租】乐乎公寓 黄村 海子角店,黄村,1850-2450,http://bj.58.com/pinpaigongyu/29782919198902x.shtml
【合租】回龙观 回龙观新村中区 3室次卧,回龙观新村中区,1650,http://bj.58.com/pinpaigongyu/29514424528190x.shtml
【整租】乐乎公寓 黄村 海子角店,黄村,2000-2450,http://bj.58.com/pinpaigongyu/29162819805368x.shtml
【合租】回龙观 龙腾苑一区 4室次卧,龙腾苑一区,1870,http://bj.58.com/pinpaigongyu/29261067095980x.shtml
【合租】回龙观 南店新村 3室主卧,南店新村,1680,http://bj.58.com/pinpaigongyu/29771945679156x.shtml
【整租】乐乎公寓 次渠 次渠门店,次渠,1700-2200,http://bj.58.com/pinpaigongyu/29628594478633x.shtml
【合租】龙泽 新龙城 3室主卧,新龙城,1760,http://bj.58.com/pinpaigongyu/29790610109625x.shtml
【整租】乐乎公寓 黄村 海子角店,黄村,1700-2200,http://bj.58.com/pinpaigongyu/29824096799917x.shtml
【合租】霍营 紫金新干线 3室主卧,紫金新干线,1699,http://bj.58.com/pinpaigongyu/29801353258041x.shtml
【合租】回龙观 紫金新干线二期 3室次卧,紫金新干线二期,1699,http://bj.58.com/pinpaigongyu/29794068953641x.shtml
【合租】垡头 金蝉北里 3室次卧,金蝉北里,1550,http://bj.58.com/pinpaigongyu/29704423866926x.shtml
【整租】好客公寓 亦庄 好客公寓,亦庄,2000-2100,http://bj.58.com/pinpaigongyu/29075475408318x.shtml
【合租】西北旺 大牛坊一期 3室主卧,大牛坊一期,1890,http://bj.58.com/pinpaigongyu/29461761973935x.shtml
【合租】西二旗 融泽嘉园8号院 3室次卧,融泽嘉园8号院,1880,http://bj.58.com/pinpaigongyu/29812500606123x.shtml
【整租】望京 南湖东园 1室1厅,南湖东园,1500,http://bj.58.com/pinpaigongyu/29604493788598x.shtml
【整租】荣耀彩虹里青年社区 欢乐谷 朝阳店,欢乐谷,1980-2980,http://bj.58.com/pinpaigongyu/29702333076805x.shtml
【合租】西北旺 大牛坊二期 3室主卧,大牛坊二期,1890,http://bj.58.com/pinpaigongyu/29315651067083x.shtml
【合租】西二旗 融泽嘉园8号院 3室次卧,融泽嘉园8号院,1950,http://bj.58.com/pinpaigongyu/29381027336622x.shtml
【合租】西二旗 融泽嘉园8号院 2室主卧,融泽嘉园8号院,1980,http://bj.58.com/pinpaigongyu/29761280396099x.shtml
【整租】后沙峪 第五空间公寓(西 1室0厅,【整租】后沙峪,1900,http://bj.58.com/pinpaigongyu/29558604093107x.shtml
【整租】乐乎公寓 黄村 海子角店,黄村,1850-2450,http://bj.58.com/pinpaigongyu/29782919198902x.shtml
【合租】龙泽 新龙城 3室次卧,新龙城,1760,http://bj.58.com/pinpaigongyu/29724901284553x.shtml
【整租】乐乎公寓 黄村 海子角店,黄村,2000-2450,http://bj.58.com/pinpaigongyu/29162819805368x.shtml
【合租】新国展 满庭芳嘉园(裕安 4室次卧,满庭芳嘉园(裕安,1880,http://bj.58.com/pinpaigongyu/29284259131206x.shtml
【合租】西三旗 建材城西一里 3室次卧,建材城西一里,1800,http://bj.58.com/pinpaigongyu/29791005239751x.shtml
【整租】乐乎公寓 次渠 次渠门店,次渠,1700-2200,http://bj.58.com/pinpaigongyu/29628594478633x.shtml
【合租】新宫 翠海明苑 3室次卧,翠海明苑,1890,http://bj.58.com/pinpaigongyu/29574010124861x.shtml
【整租】乐乎公寓 黄村 海子角店,黄村,1700-2200,http://bj.58.com/pinpaigongyu/29824096799917x.shtml
【合租】上地 怡美家园 3室次卧,怡美家园,1850,http://bj.58.com/pinpaigongyu/29669655759426x.shtml
【合租】霍营 紫金新干线四区 3室次卧,紫金新干线四区,1699,http://bj.58.com/pinpaigongyu/29650873455283x.shtml
【合租】西二旗 融泽嘉园8号院 3室次卧,融泽嘉园8号院,1980,http://bj.58.com/pinpaigongyu/29447598345393x.shtml
【整租】好客公寓 亦庄 好客公寓,亦庄,2000-2100,http://bj.58.com/pinpaigongyu/29075475408318x.shtml
【合租】土桥 土桥puls 3室次卧,土桥puls,1600,http://bj.58.com/pinpaigongyu/29562333125549x.shtml
【整租】宋庄 海纳公寓 1室1厅,【整租】宋庄,1500,http://bj.58.com/pinpaigongyu/29839813779652x.shtml
【合租】北苑 欧陆经典万兴苑 3室次卧,欧陆经典万兴苑,1500,http://bj.58.com/pinpaigongyu/29182905786825x.shtml
【整租】荣耀彩虹里青年社区 欢乐谷 朝阳店,欢乐谷,1980-2980,http://bj.58.com/pinpaigongyu/29702333076805x.shtml
【合租】东坝 金隅汇景苑 2室主卧,金隅汇景苑,1860,http://bj.58.com/pinpaigongyu/29834695061039x.shtml
【合租】西北旺 大牛坊二期 3室次卧,大牛坊二期,1580,http://bj.58.com/pinpaigongyu/29839130022316x.shtml
【合租】肖家河 肖家河回迁住宅( 3室次卧,肖家河回迁住宅(,1790,http://bj.58.com/pinpaigongyu/29813564614605x.shtml
【合租】西北旺 永旺家园 3室主卧,永旺家园,1990,http://bj.58.com/pinpaigongyu/29737149881672x.shtml
【整租】乐乎公寓 黄村 海子角店,黄村,1850-2450,http://bj.58.com/pinpaigongyu/29782919198902x.shtml
【整租】回龙观 紫金新干线四区 3室1厅,紫金新干线四区,1960,http://bj.58.com/pinpaigongyu/29724204739397x.shtml
【整租】乐乎公寓 黄村 海子角店,黄村,2000-2450,http://bj.58.com/pinpaigongyu/29162819805368x.shtml
【整租】黄村 乐乎城市青年社区 1室1厅,【整租】黄村,1800,http://bj.58.com/pinpaigongyu/29800990270764x.shtml
【合租】天竺 天竺翠竹新村 3室次卧,天竺翠竹新村,1980,http://bj.58.com/pinpaigongyu/29514129109683x.shtml
【整租】乐乎公寓 次渠 次渠门店,次渠,1700-2200,http://bj.58.com/pinpaigongyu/29628594478633x.shtml
【合租】高碑店 北花园 3室主卧,北花园,1700,http://bj.58.com/pinpaigongyu/29748291757614x.shtml
【整租】乐乎公寓 黄村 海子角店,黄村,1700-2200,http://bj.58.com/pinpaigongyu/29824096799917x.shtml
【整租】大望路 尚帝佳公寓 1室0厅,【整租】大望路,1800,http://bj.58.com/pinpaigongyu/29792849986606x.shtml
【合租】亦庄 通泰国际公馆 3室次卧,通泰国际公馆,1800,http://bj.58.com/pinpaigongyu/29827350086084x.shtml
【合租】梨园 华业东方玫瑰 3室次卧,华业东方玫瑰,1550,http://bj.58.com/pinpaigongyu/29657758824902x.shtml
【整租】好客公寓 亦庄 好客公寓,亦庄,2000-2100,http://bj.58.com/pinpaigongyu/29075475408318x.shtml
【合租】东坝 金隅汇景苑 3室次卧,金隅汇景苑,1660,http://bj.58.com/pinpaigongyu/29538805424313x.shtml
【合租】龙泽 融泽嘉园一号院 3室次卧,融泽嘉园一号院,1880,http://bj.58.com/pinpaigongyu/29738143487413x.shtml
【合租】回龙观 龙腾苑四区 3室主卧,龙腾苑四区,1750,http://bj.58.com/pinpaigongyu/29561812086196x.shtml
【整租】荣耀彩虹里青年社区 欢乐谷 朝阳店,欢乐谷,1980-2980,http://bj.58.com/pinpaigongyu/29702333076805x.shtml
【合租】九棵树 K2玉兰湾 6室次卧,K2玉兰湾,1600,http://bj.58.com/pinpaigongyu/29647269292478x.shtml
【合租】龙泽 融泽嘉园2号院 3室次卧,融泽嘉园2号院,1980,http://bj.58.com/pinpaigongyu/29414346729133x.shtml
【合租】龙泽 融泽嘉园6号院 3室次卧,融泽嘉园6号院,1880,http://bj.58.com/pinpaigongyu/29793564241966x.shtml
【合租】龙泽 融泽嘉园一号院 3室次卧,融泽嘉园一号院,1980,http://bj.58.com/pinpaigongyu/29547246242356x.shtml
【整租】乐乎公寓 黄村 海子角店,黄村,1850-2450,http://bj.58.com/pinpaigongyu/29782919198902x.shtml
【合租】霍营 天鑫家园(格林雅 3室主卧,天鑫家园(格林雅,1690,http://bj.58.com/pinpaigongyu/29812600476081x.shtml
【整租】乐乎公寓 黄村 海子角店,黄村,2000-2450,http://bj.58.com/pinpaigongyu/29162819805368x.shtml
【合租】回龙观 领秀慧谷 3室次卧,领秀慧谷,1790,http://bj.58.com/pinpaigongyu/29683341672144x.shtml
【合租】清河 金隅美和园 3室主卧,金隅美和园,1800,http://bj.58.com/pinpaigongyu/29805316016188x.shtml
【整租】乐乎公寓 次渠 次渠门店,次渠,1700-2200,http://bj.58.com/pinpaigongyu/29628594478633x.shtml
【合租】霍营 龙锦苑东四区 3室次卧,龙锦苑东四区,1550,http://bj.58.com/pinpaigongyu/29813472838340x.shtml
【整租】乐乎公寓 黄村 海子角店,黄村,1700-2200,http://bj.58.com/pinpaigongyu/29824096799917x.shtml
【合租】龙泽 融泽嘉园6号院 4室次卧,融泽嘉园6号院,1980,http://bj.58.com/pinpaigongyu/29296225429037x.shtml
【合租】西二旗 领秀新硅谷C区 3室次卧,领秀新硅谷C区,1860,http://bj.58.com/pinpaigongyu/29791208758332x.shtml
【合租】西北旺 大牛坊二期 3室主卧,大牛坊二期,1890,http://bj.58.com/pinpaigongyu/29337800090308x.shtml
【整租】好客公寓 亦庄 好客公寓,亦庄,2000-2100,http://bj.58.com/pinpaigongyu/29075475408318x.shtml
【合租】西二旗 融泽嘉园8号院 3室次卧,融泽嘉园8号院,1980,http://bj.58.com/pinpaigongyu/29661683236296x.shtml
【合租】西二旗 金域华府 3室次卧,金域华府,1890,http://bj.58.com/pinpaigongyu/29824419329193x.shtml
【合租】龙泽 融泽嘉园一号院 3室次卧,融泽嘉园一号院,1780,http://bj.58.com/pinpaigongyu/29650574560191x.shtml
【整租】荣耀彩虹里青年社区 欢乐谷 朝阳店,欢乐谷,1980-2980,http://bj.58.com/pinpaigongyu/29702333076805x.shtml
【整租】望京 宝星园 1室1厅,宝星园,1500,http://bj.58.com/pinpaigongyu/29605220575552x.shtml
【合租】马连洼 永丰嘉园 4室次卧,永丰嘉园,1990,http://bj.58.com/pinpaigongyu/29506918246605x.shtml
【合租】芍药居 芍药居北里一区 4室次卧,芍药居北里一区,1500,http://bj.58.com/pinpaigongyu/29529579444012x.shtml
【合租】西北旺 大牛坊二期 3室次卧,大牛坊二期,1580,http://bj.58.com/pinpaigongyu/29096653118907x.shtml
【整租】乐乎公寓 黄村 海子角店,黄村,1850-2450,http://bj.58.com/pinpaigongyu/29782919198902x.shtml
【合租】垡头 金蝉北里21号院 3室次卧,金蝉北里21号院,1950,http://bj.58.com/pinpaigongyu/29615823146284x.shtml
【整租】乐乎公寓 黄村 海子角店,黄村,2000-2450,http://bj.58.com/pinpaigongyu/29162819805368x.shtml
【合租】回龙观 龙跃苑东四区 3室主卧,龙跃苑东四区,1760,http://bj.58.com/pinpaigongyu/29790799440588x.shtml
【合租】天竺 天竺翠竹新村 3室主卧,天竺翠竹新村,1880,http://bj.58.com/pinpaigongyu/29835894261950x.shtml
【整租】乐乎公寓 次渠 次渠门店,次渠,1700-2200,http://bj.58.com/pinpaigongyu/29628594478633x.shtml
【合租】霍营 紫金新干线四区 3室主卧,紫金新干线四区,1760,http://bj.58.com/pinpaigongyu/29760805448387x.shtml
【整租】乐乎公寓 黄村 海子角店,黄村,1700-2200,http://bj.58.com/pinpaigongyu/29824096799917x.shtml
【合租】霍营 紫金新干线 3室主卧,紫金新干线,1860,http://bj.58.com/pinpaigongyu/29769281122230x.shtml
【合租】龙泽 新龙城 3室主卧,新龙城,1860,http://bj.58.com/pinpaigongyu/29794943856561x.shtml
【合租】龙泽 融泽嘉园一号院 3室次卧,融泽嘉园一号院,1880,http://bj.58.com/pinpaigongyu/29738143487413x.shtml
【整租】好客公寓 亦庄 好客公寓,亦庄,2000-2100,http://bj.58.com/pinpaigongyu/29075475408318x.shtml
【合租】物资学院路 新建村 3室主卧,新建村,1960,http://bj.58.com/pinpaigongyu/29617492142151x.shtml
【合租】九棵树 K2玉兰湾 6室次卧,K2玉兰湾,1600,http://bj.58.com/pinpaigongyu/29647269292478x.shtml
【合租】龙泽 融泽嘉园2号院 3室次卧,融泽嘉园2号院,1980,http://bj.58.com/pinpaigongyu/29414346729133x.shtml
【整租】荣耀彩虹里青年社区 欢乐谷 朝阳店,欢乐谷,1980-2980,http://bj.58.com/pinpaigongyu/29702333076805x.shtml
【合租】龙泽 融泽嘉园一号院 3室次卧,融泽嘉园一号院,1980,http://bj.58.com/pinpaigongyu/29547246242356x.shtml
【合租】西二旗 融泽嘉园8号院 3室次卧,融泽嘉园8号院,1880,http://bj.58.com/pinpaigongyu/29669583694789x.shtml
【合租】九棵树 瑞都国际中心 3室次卧,瑞都国际中心,2000,http://bj.58.com/pinpaigongyu/29624686948270x.shtml
【合租】西二旗 融泽嘉园8号院 3室次卧,融泽嘉园8号院,1980,http://bj.58.com/pinpaigongyu/29517402231870x.shtml
