碧波园4居室-南卧,//www.ziroom.com/z/vr/60463311.html,[房山房山其它] 房山线广阳城,1630
金汉绿港三区4居室-南卧,//www.ziroom.com/z/vr/60464653.html,[顺义顺义城] 15号线顺义,2560
翠屏北里西区4居室-南卧,//www.ziroom.com/z/vr/60459062.html,[通州九棵树家乐福] 八通线果园,1930
首开熙悦睿府书香4居室-南卧,//www.ziroom.com/z/vr/60462065.html,[房山良乡] 房山线良乡大学城,1460
K2玉蘭湾4居室-南卧,//www.ziroom.com/z/vr/60445313.html,[通州通州其它] 八通线九棵树,2290
K2玉蘭湾4居室-南卧,//www.ziroom.com/z/vr/60445310.html,[通州通州其它] 八通线九棵树,2690
首开熙悦睿府书香4居室-南卧,//www.ziroom.com/z/vr/60462062.html,[房山良乡] 房山线良乡大学城,1690
碧波园4居室-南卧,//www.ziroom.com/z/vr/60463308.html,[房山房山其它] 房山线广阳城,1830
双兴南区3居室-南卧,//www.ziroom.com/z/vr/60437587.html,[顺义顺义城] 15号线顺义,1630
天鸿美域4居室-南卧,//www.ziroom.com/z/vr/60463475.html,[丰台青塔] 14号线郭庄子,2890
裕龙一区3居室-南卧,//www.ziroom.com/z/vr/60433949.html,[顺义顺义城] 15号线顺义,1730
龙跃苑四区4居室-南卧,//www.ziroom.com/z/vr/60465801.html,[昌平回龙观] 13号线霍营,2990
保利茉莉公馆5居室-南卧,//www.ziroom.com/z/vr/60414568.html,[大兴黄村] 4号线高米店北,2290
裕龙西区4居室-南卧,//www.ziroom.com/z/vr/60383094.html,[顺义顺义城] 15号线顺义,1960
新城阳光3居室-南卧,//www.ziroom.com/z/vr/60409090.html,[通州梨园] 八通线梨园,1730
枣园小区3居室-南卧,//www.ziroom.com/z/vr/60452023.html,[大兴枣园] 4号线枣园,1690
艺苑桐城4居室-南卧,//www.ziroom.com/z/vr/60465044.html,[大兴黄村] 4号线黄村火车站,1860
翠屏北里西区4居室-南卧,//www.ziroom.com/z/vr/60459059.html,[通州九棵树家乐福] 八通线果园,2530
天恒花园4居室-南卧,//www.ziroom.com/z/vr/60462306.html,[顺义望京] 15号线国展,2460
艺苑桐城4居室-南卧,//www.ziroom.com/z/vr/60465041.html,[大兴黄村] 4号线黄村火车站,2290
天鸿美域4居室-南卧,//www.ziroom.com/z/vr/60459218.html,[丰台青塔] 14号线郭庄子,3190
首开熙悦山澜庭4居室-南卧,//www.ziroom.com/z/vr/60339681.html,[房山长阳] 房山线长阳,1690
三环新城7号院4居室-南卧,//www.ziroom.com/z/vr/60467535.html,[丰台玉泉营] 10号线丰台站,2560
双高花园3居室-南卧,//www.ziroom.com/z/vr/60464266.html,[大兴西红门] 4号线高米店北,2090
金汉绿港三区4居室-南卧,//www.ziroom.com/z/vr/60464656.html,[顺义顺义城] 15号线顺义,1930
世安家园4居室-南卧,//www.ziroom.com/z/vr/60462611.html,[朝阳望京] 15号线望京西,3290
K2玉蘭湾4居室-北卧,//www.ziroom.com/z/vr/60445312.html,[通州通州其它] 八通线九棵树,1690
龙跃苑二区4居室-南卧,//www.ziroom.com/z/vr/60452328.html,[昌平霍营] 13号线霍营,2790
珠江罗马嘉园东区4居室-南卧,//www.ziroom.com/z/vr/60452724.html,[朝阳朝青] 6号线青年路,4290
朱辛庄南区3居室-南卧,//www.ziroom.com/z/vr/60465999.html,[昌平回龙观] 8号线朱辛庄,2090
天鸿美域4居室-南卧,//www.ziroom.com/z/vr/60459221.html,[丰台青塔] 14号线郭庄子,2390
金惠园三里5居室-南卧,//www.ziroom.com/z/vr/60439030.html,[大兴西红门] 4号线高米店北,1590
K2玉蘭湾3居室-南卧,//www.ziroom.com/z/vr/60410982.html,[通州通州其它] 八通线九棵树,1890
建新南区3居室-南卧,//www.ziroom.com/z/vr/60443258.html,[顺义顺义城] 15号线顺义,1530
保利茉莉公馆5居室-南卧,//www.ziroom.com/z/vr/60414565.html,[大兴黄村] 4号线高米店北,2690
智学苑4居室-南卧,//www.ziroom.com/z/vr/60465376.html,[海淀西二旗] 昌平线西二旗,3490
阿尔法社区三期3居室-南卧,//www.ziroom.com/z/vr/60461930.html,[通州九棵树家乐福] 八通线梨园,1630
东丽温泉4居室-南卧,//www.ziroom.com/z/vr/60419225.html,[丰台洋桥] 10号线角门东,2530
龙跃苑二区3居室-南卧,//www.ziroom.com/z/vr/60449327.html,[昌平霍营] 13号线霍营,2660
天通西苑三区5居室-南卧,//www.ziroom.com/z/vr/60464516.html,[昌平天通苑] 5号线天通苑,2390
珠江罗马嘉园东区4居室-南卧,//www.ziroom.com/z/vr/60452727.html,[朝阳朝青] 6号线青年路,3630
万润家园4居室-南卧,//www.ziroom.com/z/vr/60467382.html,[昌平回龙观] 13号线龙泽,3030
万年花城五期3居室-南卧,//www.ziroom.com/z/vr/60442279.html,[丰台玉泉营] 10号线首经贸,2630
林奥嘉园3居室-南卧,//www.ziroom.com/z/vr/60433898.html,[朝阳奥林匹克公园] 5号线立水桥南,2990
古城现代嘉园3居室-南卧,//www.ziroom.com/z/vr/60464270.html,[石景山古城] 1号线古城,2330
紫荆园4居室-南卧,//www.ziroom.com/z/vr/60359046.html,[通州武夷花园] 6号线郝家府,1560
杨庄北区5居室-南卧,//www.ziroom.com/z/vr/60443827.html,[石景山杨庄] 1号线苹果园,2290
南庭新苑北区2居室-南卧,//www.ziroom.com/z/vr/213669.html,[丰台马家堡] 4号线新宫,2390
万年花城二期4居室-东卧,//www.ziroom.com/z/vr/60464081.html,[丰台玉泉营] 10号线首经贸,2730
天通西苑三区4居室-南卧,//www.ziroom.com/z/vr/60457291.html,[昌平天通苑] 5号线天通苑,2730
天通西苑三区5居室-南卧,//www.ziroom.com/z/vr/60464515.html,[昌平天通苑] 5号线天通苑,2330
官悦欣园B区3居室-南卧,//www.ziroom.com/z/vr/60452999.html,[朝阳欢乐谷] 7号线南楼梓庄,2530
双高花园3居室-南卧,//www.ziroom.com/z/vr/60464264.html,[大兴西红门] 4号线高米店北,1930
太平桥西里3居室-南卧,//www.ziroom.com/z/vr/60458197.html,[丰台六里桥] 9号线六里桥东,2730
K2玉蘭湾4居室-北卧,//www.ziroom.com/z/vr/60445311.html,[通州通州其它] 八通线九棵树,1690
龙跃苑四区4居室-南卧,//www.ziroom.com/z/vr/60465798.html,[昌平回龙观] 13号线霍营,3230
大山子南里2居室-南卧,//www.ziroom.com/z/vr/60452711.html,[朝阳大山子] 14号线望京南,3560
六里屯三区3居室-南卧,//www.ziroom.com/z/vr/60451288.html,[海淀西北旺] 16号线永丰南,2560
南顶村2居室-南卧,//www.ziroom.com/z/vr/60244861.html,[丰台赵公口] 10号线石榴庄,2730
世纪东方城4居室-南卧,//www.ziroom.com/z/vr/60450280.html,[朝阳欢乐谷] 7号线南楼梓庄,3230
天恒花园4居室-北卧,//www.ziroom.com/z/vr/60462305.html,[顺义望京] 15号线国展,1630
怡兴园4居室-南卧,//www.ziroom.com/z/vr/60225676.html,[大兴黄村] 4号线黄村西大街,1730
鸿顺园东区6居室-南卧,//www.ziroom.com/z/vr/60457098.html,[房山良乡] 房山线良乡大学城西,1260
蓝天嘉园4居室-南卧,//www.ziroom.com/z/vr/60461170.html,[昌平西二旗] 13号线龙泽,3590
富源里4居室-南卧,//www.ziroom.com/z/vr/60451265.html,[亦庄开发区亦庄] 亦庄线亦庄桥,2290
幸福家园1号院3居室-南卧,//www.ziroom.com/z/vr/60448541.html,[丰台科技园区] 9号线郭公庄,2490
石园北区3居室-南卧,//www.ziroom.com/z/vr/60452233.html,[顺义顺义城] 15号线顺义,1670
仓上小区3居室-南卧,//www.ziroom.com/z/vr/60456086.html,[顺义顺义城] 15号线顺义,1690
阿尔法社区三期3居室-南卧,//www.ziroom.com/z/vr/60461908.html,[通州九棵树家乐福] 八通线梨园,1560
天通苑北一区4居室-东卧,//www.ziroom.com/z/vr/60354217.html,[昌平天通苑] 5号线天通苑,2530
首开国风美唐三期3居室-南卧,//www.ziroom.com/z/vr/60372375.html,[昌平回龙观] 13号线霍营,2590
保利茉莉公馆4居室-南卧,//www.ziroom.com/z/vr/60291508.html,[大兴黄村] 4号线高米店北,2290
冠城大通百旺府4居室-南卧,//www.ziroom.com/z/vr/60382079.html,[海淀西北旺] 16号线永丰南,2190
六里屯五区3居室-南卧,//www.ziroom.com/z/vr/60451101.html,[海淀西北旺] 16号线永丰南,2390
东丽温泉4居室-南卧,//www.ziroom.com/z/vr/60419226.html,[丰台洋桥] 10号线角门东,2190
怡馨家园3居室-南卧,//www.ziroom.com/z/vr/60348454.html,[顺义顺义城] 15号线石门,1760
弘善家园3居室-南卧,//www.ziroom.com/z/vr/60452890.html,[朝阳潘家园] 10号线十里河,3630
新龙城4居室-东南卧,//www.ziroom.com/z/vr/60466069.html,[昌平回龙观] 13号线龙泽,2360
天骄俊园4居室-南卧,//www.ziroom.com/z/vr/60444635.html,[房山房山其它] 房山线广阳城,1790
馨然嘉园二区4居室-南卧,//www.ziroom.com/z/vr/60174256.html,[房山长阳] 房山线长阳,1590
金港国际4居室-西卧,//www.ziroom.com/z/vr/60458057.html,[朝阳大望路] 14号线九龙山,3890
天通西苑二区4居室-北卧,//www.ziroom.com/z/vr/60443709.html,[昌平天通苑] 5号线天通苑,2260
双林苑4居室-南卧,//www.ziroom.com/z/vr/60432184.html,[丰台青塔] 14号线郭庄子,2190
裕龙西区4居室-南卧,//www.ziroom.com/z/vr/60383091.html,[顺义顺义城] 15号线顺义,2190
DBC加州小镇4居室-南卧,//www.ziroom.com/z/vr/60460153.html,[通州临河里] 八通线土桥,1960
怡馨家园4居室-南卧,//www.ziroom.com/z/vr/60436078.html,[顺义顺义城] 15号线石门,1930
华龙苑北里5居室-南卧,//www.ziroom.com/z/vr/60410176.html,[昌平霍营] 8号线回龙观东大街,2490
绿林苑4居室-南卧,//www.ziroom.com/z/vr/60448113.html,[大兴西红门] 4号线新宫,2290
天通苑北一区4居室-东卧,//www.ziroom.com/z/vr/60354220.html,[昌平天通苑] 5号线天通苑,2430
林奥嘉园3居室-南卧,//www.ziroom.com/z/vr/60426668.html,[朝阳奥林匹克公园] 5号线立水桥南,3660
美利新世界4居室-南卧,//www.ziroom.com/z/vr/60456379.html,[大兴旧宫] 亦庄线旧宫,1790
裕隆新村4居室-南卧,//www.ziroom.com/z/vr/164438.html,[海淀马连洼] 16号线马连洼,3460
龙禧苑二区4居室-南卧,//www.ziroom.com/z/vr/60464404.html,[昌平回龙观] 8号线平西府,2930
永泰西里2居室-南卧,//www.ziroom.com/z/vr/97309.html,[海淀清河] 8号线永泰庄,2430
古城现代嘉园3居室-南卧,//www.ziroom.com/z/vr/60464272.html,[石景山古城] 1号线古城,1830
冠城大通百旺府4居室-南卧,//www.ziroom.com/z/vr/60376118.html,[海淀西北旺] 16号线永丰南,2690
冠城大通百旺府4居室-南卧,//www.ziroom.com/z/vr/60382076.html,[海淀西北旺] 16号线永丰南,2660
瑞海家园二区4居室-北卧,//www.ziroom.com/z/vr/60461708.html,[大兴西红门] 4号线西红门,1660
铁西小区3居室-南卧,//www.ziroom.com/z/vr/60431639.html,[海淀军博] 7号线北京西站,3060
武夷花园牡丹园4居室-南卧,//www.ziroom.com/z/vr/60413812.html,[通州武夷花园] 6号线北运河东,1830
保利茉莉公馆5居室-东南卧,//www.ziroom.com/z/vr/60414566.html,[大兴黄村] 4号线高米店北,1890
天恒花园4居室-北卧,//www.ziroom.com/z/vr/60462304.html,[顺义望京] 15号线国展,1990
万润家园4居室-北卧,//www.ziroom.com/z/vr/60467385.html,[昌平回龙观] 13号线龙泽,2330
华玺瀚楟4居室-南卧,//www.ziroom.com/z/vr/60452510.html,[顺义顺义城] 15号线石门,2290
嘉园二里2居室-南卧,//www.ziroom.com/z/vr/205689.html,[丰台马家堡] 10号线角门西,2630
天通西苑三区4居室-南卧,//www.ziroom.com/z/vr/60042527.html,[昌平天通苑] 5号线天通苑,2660
林奥嘉园3居室-南卧,//www.ziroom.com/z/vr/60433897.html,[朝阳奥林匹克公园] 5号线立水桥南,2260
艺苑桐城4居室-南卧,//www.ziroom.com/z/vr/60411149.html,[大兴黄村] 4号线黄村火车站,2290
中国铁建国际城6居室-南卧,//www.ziroom.com/z/vr/60449100.html,[朝阳北苑] 13号线北苑,2990
龙跃苑二区4居室-南卧,//www.ziroom.com/z/vr/60452325.html,[昌平霍营] 13号线霍营,3030
佳世苑小区3居室-南卧,//www.ziroom.com/z/vr/60452824.html,[房山良乡] 房山线苏庄,1560
世安家园4居室-南卧,//www.ziroom.com/z/vr/60462609.html,[朝阳望京] 15号线望京西,2460
运乔嘉园3居室-南卧,//www.ziroom.com/z/vr/60462499.html,[通州乔庄] 6号线北运河西,1930
宝盛里2居室-南卧,//www.ziroom.com/z/vr/60448419.html,[海淀清河] 8号线永泰庄,2890
永定路57号院3居室-南卧,//www.ziroom.com/z/vr/60449924.html,[海淀海淀玉泉路] 1号线玉泉路,2890
珠江逸景3居室-南卧,//www.ziroom.com/z/vr/60462674.html,[通州马驹桥] ,1460
天通西苑三区5居室-北卧,//www.ziroom.com/z/vr/60464517.html,[昌平天通苑] 5号线天通苑,2190
景和园3居室-南卧,//www.ziroom.com/z/vr/60295286.html,[海淀西北旺] 16号线西北旺,2190
康泽园3居室-南卧,//www.ziroom.com/z/vr/60435919.html,[丰台赵公口] 10号线石榴庄,1930
龙府花园4居室-南卧,//www.ziroom.com/z/vr/60443262.html,[顺义顺义城] 15号线顺义,1790
中国铁建国际城6居室-南卧,//www.ziroom.com/z/vr/60449097.html,[朝阳北苑] 13号线北苑,2790
中国铁建国际城6居室-南卧,//www.ziroom.com/z/vr/60449095.html,[朝阳北苑] 13号线北苑,2790
金汉绿港三区4居室-北卧,//www.ziroom.com/z/vr/60464654.html,[顺义顺义城] 15号线顺义,1560
冠城大通百旺府5居室-南卧,//www.ziroom.com/z/vr/60382290.html,[海淀西北旺] 16号线永丰南,2260
朱辛庄南区3居室-南卧,//www.ziroom.com/z/vr/60465997.html,[昌平回龙观] 8号线朱辛庄,1960
天通西苑三区4居室-南卧,//www.ziroom.com/z/vr/60464139.html,[昌平天通苑] 5号线天通苑,2830
光讯花园3居室-南卧,//www.ziroom.com/z/vr/60445275.html,[通州武夷花园] 6号线北运河东,1630
龙博苑二区3居室-南卧,//www.ziroom.com/z/vr/60414322.html,[昌平回龙观] 13号线回龙观,2290
天通西苑二区4居室-南卧,//www.ziroom.com/z/vr/60431065.html,[昌平天通苑] 5号线天通苑,2630
馨然嘉园三区3居室-南卧,//www.ziroom.com/z/vr/60463552.html,[房山长阳] 房山线长阳,1560
天通苑北二区4居室-南卧,//www.ziroom.com/z/vr/60456225.html,[昌平天通苑] 5号线天通苑,2560
金顶街三区3居室-南卧,//www.ziroom.com/z/vr/198583.html,[石景山苹果园] 1号线苹果园,1860
加华印象街4居室-南卧,//www.ziroom.com/z/vr/60444705.html,[通州武夷花园] 6号线通运门,2360
宝盛里3居室-南卧,//www.ziroom.com/z/vr/60455061.html,[海淀清河] 8号线永泰庄,2790
龙跃苑四区4居室-南卧,//www.ziroom.com/z/vr/60459637.html,[昌平回龙观] 8号线霍营,2930
华业东方玫瑰4居室-南卧,//www.ziroom.com/z/vr/171145.html,[通州临河里] 八通线临河里,1530
枣园东里3居室-南卧,//www.ziroom.com/z/vr/294526.html,[大兴黄村] 4号线枣园,1630
珠江罗马嘉园东区4居室-南卧,//www.ziroom.com/z/vr/60452725.html,[朝阳朝青] 6号线青年路,2960
冠城大通百旺府3居室-南卧,//www.ziroom.com/z/vr/60375891.html,[海淀西北旺] 16号线永丰南,2290
裕龙三区3居室-南卧,//www.ziroom.com/z/vr/60451713.html,[顺义顺义城] 15号线顺义,1760
天鸿美域4居室-北卧,//www.ziroom.com/z/vr/60459220.html,[丰台青塔] 14号线郭庄子,2590
冠城大通百旺府4居室-南卧,//www.ziroom.com/z/vr/60412199.html,[海淀西北旺] 16号线永丰南,2390
老山东里2居室-南卧,//www.ziroom.com/z/vr/160775.html,[石景山老山] 1号线八角游乐园,2160
古城现代嘉园3居室-南卧,//www.ziroom.com/z/vr/60464271.html,[石景山古城] 1号线古城,1890
兴涛社区4居室-南卧,//www.ziroom.com/z/vr/60460025.html,[大兴黄村北] 4号线高米店南,2690
林奥嘉园3居室-南卧,//www.ziroom.com/z/vr/60433896.html,[朝阳奥林匹克公园] 5号线立水桥南,3860
运乔嘉园3居室-南卧,//www.ziroom.com/z/vr/60462497.html,[通州乔庄] 6号线北运河西,1760
贵园南里甲区4居室-南卧,//www.ziroom.com/z/vr/136594.html,[亦庄开发区亦庄] 亦庄线亦庄桥,1830
团结湖北二条2居室-南卧,//www.ziroom.com/z/vr/60456883.html,[朝阳团结湖] 10号线团结湖,3490
双裕花园东区3居室-南卧,//www.ziroom.com/z/vr/123583.html,[顺义后沙峪] 15号线后沙峪,1860
清缘里中区3居室-南卧,//www.ziroom.com/z/vr/60462569.html,[海淀清河] 8号线永泰庄,3360
南海家园六里4居室-南卧,//www.ziroom.com/z/vr/60446596.html,[大兴亦庄] ,1660
保利茉莉公馆5居室-北卧,//www.ziroom.com/z/vr/60414567.html,[大兴黄村] 4号线高米店北,1690
双高花园3居室-北卧,//www.ziroom.com/z/vr/60464265.html,[大兴西红门] 4号线高米店北,1660
田村40号院3居室-南卧,//www.ziroom.com/z/vr/60470253.html,[海淀田村] 6号线海淀五路居,2430
瑞雪春堂3居室-南卧,//www.ziroom.com/z/vr/60448612.html,[房山房山其它] 房山线良乡南关,1490
太平家园3居室-南卧,//www.ziroom.com/z/vr/60256071.html,[昌平天通苑] 5号线天通苑南,2360
和谐家园一区4居室-南卧,//www.ziroom.com/z/vr/60460171.html,[昌平回龙观] 8号线回龙观东大街,2590
星河城西区4居室-南卧,//www.ziroom.com/z/vr/60438095.html,[丰台马家堡] 4号线公益西桥,3690
彩虹新城3居室-南卧,//www.ziroom.com/z/vr/87940.html,[大兴黄村] 4号线枣园,1930
怡馨家园4居室-南卧,//www.ziroom.com/z/vr/60436075.html,[顺义顺义城] 15号线石门,2130
翠屏北里西区4居室-西卧,//www.ziroom.com/z/vr/60459061.html,[通州九棵树家乐福] 八通线果园,1560
三环新城7号院4居室-西卧,//www.ziroom.com/z/vr/60467533.html,[丰台玉泉营] 10号线丰台站,1960
日坛北路2号院2居室-南卧,//www.ziroom.com/z/vr/60461742.html,[朝阳朝阳门外] 6号线东大桥,3890
方恒东景3居室-南卧,//www.ziroom.com/z/vr/60459966.html,[通州梨园] 八通线土桥,1730
方恒东景3居室-南卧,//www.ziroom.com/z/vr/60459984.html,[通州梨园] 八通线土桥,1730
云趣园一区4居室-南卧,//www.ziroom.com/z/vr/60454822.html,[昌平回龙观] 8号线育知路,2190
瑞雪春堂3居室-南卧,//www.ziroom.com/z/vr/60451117.html,[房山房山其它] 房山线良乡南关,1430
金汉绿港三区4居室-北卧,//www.ziroom.com/z/vr/60464655.html,[顺义顺义城] 15号线顺义,1490
世安家园4居室-南卧,//www.ziroom.com/z/vr/60462610.html,[朝阳望京] 15号线望京西,2660
车站北里3居室-南卧,//www.ziroom.com/z/vr/60444342.html,[大兴黄村] 4号线黄村火车站,1690
DBC加州小镇4居室-南卧,//www.ziroom.com/z/vr/323447.html,[通州临河里] 八通线土桥,1790
宏大中园3居室-南卧,//www.ziroom.com/z/vr/60451369.html,[大兴西红门] 4号线西红门,2160
龙锦苑五区3居室-南卧,//www.ziroom.com/z/vr/60000307.html,[昌平回龙观] 8号线平西府,2030
肖家河新村东区3居室-南卧,//www.ziroom.com/z/vr/60467467.html,[海淀马连洼] 16号线农大南路,2490
新通国际花园3居室-南卧,//www.ziroom.com/z/vr/60461866.html,[通州玉桥] 八通线梨园,1990
新通国际花园3居室-南卧,//www.ziroom.com/z/vr/60463485.html,[通州玉桥] 八通线梨园,1990
前进花园玉兰苑3居室-南卧,//www.ziroom.com/z/vr/60400891.html,[顺义顺义城] 15号线石门,1960
正源尚峰尚水3居室-南卧,//www.ziroom.com/z/vr/60436459.html,[海淀海淀北部新区] 16号线稻香湖路,2030
三环新城7号院4居室-南卧,//www.ziroom.com/z/vr/60303901.html,[丰台玉泉营] 10号线丰台站,2090
团结湖北二条2居室-南卧,//www.ziroom.com/z/vr/60456882.html,[朝阳团结湖] 10号线团结湖,3790
龙跃苑二区3居室-南卧,//www.ziroom.com/z/vr/60449325.html,[昌平霍营] 13号线霍营,2390
流星花园三区4居室-南卧,//www.ziroom.com/z/vr/60464451.html,[昌平回龙观] 8号线育知路,2460
双兴南区3居室-南卧,//www.ziroom.com/z/vr/60415300.html,[顺义顺义城] 15号线顺义,1560
新通国际花园3居室-南卧,//www.ziroom.com/z/vr/60461864.html,[通州玉桥] 八通线梨园,1890
天通西苑二区4居室-南卧,//www.ziroom.com/z/vr/60443707.html,[昌平天通苑] 5号线天通苑,2860
龙府花园3居室-南卧,//www.ziroom.com/z/vr/60443675.html,[顺义顺义城] 15号线顺义,1690
兴政家园3居室-南卧,//www.ziroom.com/z/vr/60455174.html,[大兴黄村] 4号线黄村西大街,1730
天通西苑三区5居室-北卧,//www.ziroom.com/z/vr/60464518.html,[昌平天通苑] 5号线天通苑,1890
龙锦苑六区4居室-南卧,//www.ziroom.com/z/vr/60151542.html,[昌平霍营] 8号线平西府,2190
兴涛社区4居室-南卧,//www.ziroom.com/z/vr/60448604.html,[大兴黄村北] 4号线高米店南,2690
远洋沁山水4居室-西卧,//www.ziroom.com/z/vr/60455846.html,[石景山鲁谷] 1号线玉泉路,3360
前进花园石门苑3居室-南卧,//www.ziroom.com/z/vr/60461338.html,[顺义顺义城] 15号线石门,1890
六里屯三区3居室-南卧,//www.ziroom.com/z/vr/60451286.html,[海淀西北旺] 16号线永丰南,2490
华威北里3居室-东卧,//www.ziroom.com/z/vr/60460384.html,[朝阳潘家园] 10号线潘家园,2790
桃花岛4居室-南卧,//www.ziroom.com/z/vr/60394127.html,[通州梨园] 八通线临河里,1760
正源尚峰尚水3居室-南卧,//www.ziroom.com/z/vr/60436440.html,[海淀海淀北部新区] 16号线稻香湖路,2130
合立方4居室-南卧,//www.ziroom.com/z/vr/60225730.html,[昌平立水桥] 5号线立水桥,3560
方恒东景3居室-南卧,//www.ziroom.com/z/vr/60452165.html,[通州梨园] 八通线土桥,1860
望兴居4居室-南卧,//www.ziroom.com/z/vr/130322.html,[朝阳望京] 15号线望京西,2990
丰体时代花园3居室-西卧,//www.ziroom.com/z/vr/60421788.html,[丰台五里店] 14号线大井,1960
馨然嘉园一区3居室-南卧,//www.ziroom.com/z/vr/60441518.html,[房山长阳] 房山线长阳,1660
樱花园二区4居室-南卧,//www.ziroom.com/z/vr/60442001.html,[顺义李桥] ,1390
枣园小区3居室-北卧,//www.ziroom.com/z/vr/60452025.html,[大兴枣园] 4号线枣园,1530
双兴北区3居室-南卧,//www.ziroom.com/z/vr/60437162.html,[顺义顺义城] 15号线顺义,1760
和义西里四区5居室-南卧,//www.ziroom.com/z/vr/60451659.html,[丰台菜户营] ,2330
豆各庄小区3居室-南卧,//www.ziroom.com/z/vr/60418085.html,[昌平回龙观] 8号线朱辛庄,1790
天露园一区4居室-南卧,//www.ziroom.com/z/vr/60458759.html,[昌平回龙观] 8号线育知路,2790
北店嘉园5居室-南卧,//www.ziroom.com/z/vr/60453286.html,[昌平回龙观] 8号线育知路,2390
北京风景4居室-南卧,//www.ziroom.com/z/vr/60237686.html,[昌平昌平其它] 昌平线南邵,1890
龙跃苑四区4居室-北卧,//www.ziroom.com/z/vr/60465799.html,[昌平回龙观] 13号线霍营,2190
天通西苑三区4居室-东卧,//www.ziroom.com/z/vr/60253213.html,[昌平天通苑] 5号线天通苑,2590
新康家园4居室-南卧,//www.ziroom.com/z/vr/60449304.html,[亦庄开发区亦庄] 亦庄线亦庄文化园,2090
三环新城7号院3居室-南卧,//www.ziroom.com/z/vr/60351817.html,[丰台玉泉营] 10号线丰台站,2360
仓上小区3居室-南卧,//www.ziroom.com/z/vr/60433846.html,[顺义顺义城] 15号线顺义,1830
田园风光雅苑4居室-南卧,//www.ziroom.com/z/vr/60456778.html,[昌平回龙观] 8号线平西府,2530
宏城花园4居室-南卧,//www.ziroom.com/z/vr/60230526.html,[顺义顺义城] 15号线石门,1560
中海城香克林4居室-南卧,//www.ziroom.com/z/vr/60454274.html,[朝阳成寿寺] 亦庄线肖村,2790
鸿顺园东区6居室-北卧,//www.ziroom.com/z/vr/60457095.html,[房山良乡] 房山线良乡大学城西,1290
樱花园三区5居室-南卧,//www.ziroom.com/z/vr/60459503.html,[顺义李桥] ,1590
奥林匹克花园四期4居室-南卧,//www.ziroom.com/z/vr/60456757.html,[朝阳东坝] ,3190
海棠湾三期3居室-南卧,//www.ziroom.com/z/vr/60029319.html,[通州梨园] 八通线临河里,1590
马连道中里3居室-东南卧,//www.ziroom.com/z/vr/60462400.html,[西城马连道] 7号线湾子,2790
冠城大通百旺府4居室-南卧,//www.ziroom.com/z/vr/60374975.html,[海淀西北旺] 16号线永丰南,2730
建东苑3居室-南卧,//www.ziroom.com/z/vr/60459652.html,[朝阳定福庄] 八通线双桥,2390
新城阳光3居室-东卧,//www.ziroom.com/z/vr/60260626.html,[通州梨园] 八通线梨园,1760
珠江罗马嘉园西区4居室-西卧,//www.ziroom.com/z/vr/60465355.html,[朝阳朝青] 6号线青年路,2930
达富苑4居室-南卧,//www.ziroom.com/z/vr/60454493.html,[通州果园] 八通线果园,2160
义宾北区4居室-南卧,//www.ziroom.com/z/vr/60440225.html,[顺义顺义城] 15号线石门,2130
樱花园一区3居室-南卧,//www.ziroom.com/z/vr/60386251.html,[顺义李桥] ,1430
双裕小区3居室-南卧,//www.ziroom.com/z/vr/60419993.html,[顺义后沙峪] 15号线后沙峪,1790
富强西里3居室-南卧,//www.ziroom.com/z/vr/60456700.html,[大兴黄村中] 4号线清源路,1690
怡馨家园4居室-南卧,//www.ziroom.com/z/vr/60427960.html,[顺义顺义城] 15号线石门,2060
田园风光雅苑3居室-东卧,//www.ziroom.com/z/vr/60468062.html,[昌平回龙观] 8号线平西府,2390
正源尚峰尚水3居室-南卧,//www.ziroom.com/z/vr/60449645.html,[海淀海淀北部新区] 16号线稻香湖路,2230
金惠园三里3居室-南卧,//www.ziroom.com/z/vr/60450491.html,[大兴西红门] 4号线高米店北,1790
郁花园一里3居室-南卧,//www.ziroom.com/z/vr/60458433.html,[大兴西红门] 4号线高米店北,1930
清乐园3居室-南卧,//www.ziroom.com/z/vr/60422395.html,[大兴旧宫] 亦庄线旧宫,1730
林奥嘉园3居室-南卧,//www.ziroom.com/z/vr/60426607.html,[朝阳奥林匹克公园] 5号线立水桥南,2960
珠江罗马嘉园西区4居室-东卧,//www.ziroom.com/z/vr/60465354.html,[朝阳朝青] 6号线青年路,4160
荟康苑4居室-南卧,//www.ziroom.com/z/vr/60430554.html,[朝阳定福庄] 6号线黄渠,2690
西辛南区4居室-南卧,//www.ziroom.com/z/vr/60447207.html,[顺义顺义城] 15号线石门,2090
汇丰家园3居室-南卧,//www.ziroom.com/z/vr/60453886.html,[丰台玉泉营] 10号线丰台站,2560
义宾南区3居室-南卧,//www.ziroom.com/z/vr/60378812.html,[顺义顺义城] 15号线石门,1890
豆各庄小区3居室-南卧,//www.ziroom.com/z/vr/60419922.html,[昌平回龙观] 8号线朱辛庄,1890
珠江罗马嘉园东区4居室-北卧,//www.ziroom.com/z/vr/60452726.html,[朝阳朝青] 6号线青年路,2130
珠江罗马嘉园西区4居室-西卧,//www.ziroom.com/z/vr/60465356.html,[朝阳朝青] 6号线青年路,2860
清乐园3居室-南卧,//www.ziroom.com/z/vr/60451742.html,[大兴旧宫] 亦庄线旧宫,1630
新康家园4居室-南卧,//www.ziroom.com/z/vr/60452879.html,[亦庄开发区亦庄] 亦庄线亦庄文化园,2390
新华联锦园4居室-南卧,//www.ziroom.com/z/vr/60453094.html,[通州通州北苑] 八通线通州北苑,1990
远洋一方北润园3居室-南卧,//www.ziroom.com/z/vr/60454068.html,[朝阳管庄] 八通线管庄,2160
首开熙悦睿府书香4居室-北卧,//www.ziroom.com/z/vr/60462063.html,[房山良乡] 房山线良乡大学城,1330
天鑫家园4居室-南卧,//www.ziroom.com/z/vr/60395412.html,[昌平霍营] 8号线回龙观东大街,2660
阿尔法社区三期3居室-南卧,//www.ziroom.com/z/vr/60461928.html,[通州九棵树家乐福] 八通线梨园,1490
中国铁建国际城6居室-东南卧,//www.ziroom.com/z/vr/60449098.html,[朝阳北苑] 13号线北苑,1930
天鑫家园4居室-南卧,//www.ziroom.com/z/vr/60395415.html,[昌平霍营] 8号线回龙观东大街,2290
首邑上城4居室-南卧,//www.ziroom.com/z/vr/60463143.html,[大兴黄村] 4号线枣园,2590
明天第一城7号院3居室-南卧,//www.ziroom.com/z/vr/67017.html,[朝阳立水桥] 13号线立水桥,2360
新龙城4居室-南卧,//www.ziroom.com/z/vr/60462539.html,[昌平回龙观] 13号线龙泽,2330
蓝天嘉园4居室-南卧,//www.ziroom.com/z/vr/297242.html,[昌平西二旗] 13号线龙泽,2560
南海家园三里4居室-南卧,//www.ziroom.com/z/vr/60433133.html,[大兴亦庄] ,1490
日坛北路2号院2居室-南卧,//www.ziroom.com/z/vr/60461743.html,[朝阳朝阳门外] 6号线东大桥,3790
溪城家园3居室-南卧,//www.ziroom.com/z/vr/60412927.html,[昌平立水桥] 5号线立水桥南,2360
中信新城东区4居室-南卧,//www.ziroom.com/z/vr/60435844.html,[亦庄开发区亦庄开发区其它] 亦庄线亦庄桥,2160
冠城大通百旺府4居室-南卧,//www.ziroom.com/z/vr/60374806.html,[海淀西北旺] 16号线永丰南,1930
冠城大通百旺府4居室-南卧,//www.ziroom.com/z/vr/60376120.html,[海淀西北旺] 16号线永丰南,1930
冠城大通百旺府4居室-南卧,//www.ziroom.com/z/vr/60382078.html,[海淀西北旺] 16号线永丰南,1930
瑞海家园五区4居室-南卧,//www.ziroom.com/z/vr/60463543.html,[大兴西红门] 4号线西红门,2390
新海北里3居室-南卧,//www.ziroom.com/z/vr/60455087.html,[亦庄开发区马驹桥] 亦庄线同济南路,1660
新海北里3居室-南卧,//www.ziroom.com/z/vr/60455204.html,[亦庄开发区马驹桥] 亦庄线同济南路,1690
万润家园4居室-北卧,//www.ziroom.com/z/vr/60467383.html,[昌平回龙观] 13号线龙泽,1990
肖家河新村西区3居室-西卧,//www.ziroom.com/z/vr/60467554.html,[海淀马连洼] 16号线农大南路,2490
K2玉蘭湾5居室-南卧,//www.ziroom.com/z/vr/60447512.html,[通州通州其它] 八通线九棵树,2530
远洋一方北润园4居室-南卧,//www.ziroom.com/z/vr/60459541.html,[朝阳管庄] 八通线管庄,2660
天通西苑三区4居室-南卧,//www.ziroom.com/z/vr/60464136.html,[昌平天通苑] 5号线天通苑,2990
望京西园二区3居室-南卧,//www.ziroom.com/z/vr/60436965.html,[朝阳望京] 15号线望京,2760
智学苑4居室-西卧,//www.ziroom.com/z/vr/60459399.html,[海淀西二旗] 昌平线西二旗,3390
建清园3居室-南卧,//www.ziroom.com/z/vr/60423331.html,[海淀学院路] 15号线六道口,2730
田园风光雅苑4居室-南卧,//www.ziroom.com/z/vr/60467123.html,[昌平回龙观] 8号线平西府,2460
龙兴园北区3居室-南卧,//www.ziroom.com/z/vr/60452276.html,[昌平龙泽] 13号线龙泽,2030
首开熙悦睿府书香4居室-北卧,//www.ziroom.com/z/vr/60462064.html,[房山良乡] 房山线良乡大学城,1330
梨园东里3居室-南卧,//www.ziroom.com/z/vr/60192816.html,[通州玉桥] 八通线临河里,1560
林奥嘉园3居室-南卧,//www.ziroom.com/z/vr/60435417.html,[朝阳奥林匹克公园] 5号线立水桥南,3060
金达园3居室-南卧,//www.ziroom.com/z/vr/60456078.html,[昌平西二旗] 13号线龙泽,2190
馨然嘉园三区3居室-南卧,//www.ziroom.com/z/vr/60455790.html,[房山长阳] 房山线长阳,1390
珠江拉维小镇3居室-北卧,//www.ziroom.com/z/vr/60464831.html,[通州潞苑] ,1660
远洋沁山水4居室-西卧,//www.ziroom.com/z/vr/60455843.html,[石景山鲁谷] 1号线玉泉路,3890
前进花园石门苑3居室-南卧,//www.ziroom.com/z/vr/60431657.html,[顺义顺义城] 15号线石门,1960
和义西里四区5居室-南卧,//www.ziroom.com/z/vr/60434507.html,[丰台菜户营] ,1790
前进花园石门苑3居室-南卧,//www.ziroom.com/z/vr/60441819.html,[顺义顺义城] 15号线石门,1960
康营家园B区3居室-南卧,//www.ziroom.com/z/vr/60466579.html,[朝阳来广营] 15号线孙河,2390
林奥嘉园3居室-南卧,//www.ziroom.com/z/vr/60449211.html,[朝阳奥林匹克公园] 5号线立水桥南,2990
林奥嘉园3居室-南卧,//www.ziroom.com/z/vr/60426514.html,[朝阳奥林匹克公园] 5号线立水桥南,2960
林奥嘉园3居室-南卧,//www.ziroom.com/z/vr/60427714.html,[朝阳奥林匹克公园] 5号线立水桥南,2960
林奥嘉园3居室-南卧,//www.ziroom.com/z/vr/60427835.html,[朝阳奥林匹克公园] 5号线立水桥南,2960
林奥嘉园3居室-南卧,//www.ziroom.com/z/vr/60428515.html,[朝阳奥林匹克公园] 5号线立水桥南,2990
冠城大通百旺府3居室-南卧,//www.ziroom.com/z/vr/60378530.html,[海淀西北旺] 16号线永丰南,2760
保利春天里一区4居室-南卧,//www.ziroom.com/z/vr/60456038.html,[大兴黄村] 4号线天宫院,1630
甘露家园3居室-南卧,//www.ziroom.com/z/vr/60465831.html,[朝阳甘露园] 6号线青年路,2490
贵园南里丙区2居室-南卧,//www.ziroom.com/z/vr/295712.html,[亦庄开发区亦庄] 亦庄线亦庄桥,1630
智学苑4居室-东卧,//www.ziroom.com/z/vr/60465378.html,[海淀西二旗] 昌平线西二旗,2360
融泽嘉园3居室-南卧,//www.ziroom.com/z/vr/60437014.html,[昌平西二旗] 13号线龙泽,2560
林奥嘉园3居室-南卧,//www.ziroom.com/z/vr/60426663.html,[朝阳奥林匹克公园] 5号线立水桥南,3160
龙兴园中区4居室-南卧,//www.ziroom.com/z/vr/60430856.html,[昌平西二旗] 13号线龙泽,2090
民康胡同30号院5居室-南卧,//www.ziroom.com/z/vr/60442663.html,[西城官园] 2号线阜成门,3890
珠江拉维小镇3居室-南卧,//www.ziroom.com/z/vr/60464829.html,[通州潞苑] ,1590
三环新城7号院3居室-南卧,//www.ziroom.com/z/vr/60463235.html,[丰台玉泉营] 10号线丰台站,2660
万象新天天际高尔夫4居室-北卧,//www.ziroom.com/z/vr/198624.html,[朝阳常营] 6号线常营,2590
东风苑小区3居室-南卧,//www.ziroom.com/z/vr/60407017.html,[朝阳石佛营] 6号线十里堡,2730
宝盛北里4居室-南卧,//www.ziroom.com/z/vr/60448795.html,[海淀清河] 8号线永泰庄,3290
建清园3居室-南卧,//www.ziroom.com/z/vr/60423329.html,[海淀学院路] 15号线六道口,2760
朱辛庄南区3居室-南卧,//www.ziroom.com/z/vr/60452584.html,[昌平回龙观] 8号线朱辛庄,2030
弘善家园2居室-南卧,//www.ziroom.com/z/vr/208467.html,[朝阳潘家园] 10号线十里河,2030
正源尚峰尚水3居室-南卧,//www.ziroom.com/z/vr/60449647.html,[海淀海淀北部新区] 16号线稻香湖路,2030
龙跃苑四区4居室-南卧,//www.ziroom.com/z/vr/60456845.html,[昌平回龙观] 8号线霍营,3130
华龙苑南里3居室-南卧,//www.ziroom.com/z/vr/60456914.html,[昌平霍营] 8号线霍营,2390
龙禧苑二区4居室-南卧,//www.ziroom.com/z/vr/60464406.html,[昌平回龙观] 8号线平西府,1990
智学苑4居室-东卧,//www.ziroom.com/z/vr/60465379.html,[海淀西二旗] 昌平线西二旗,2460
亦庄北岸3居室-南卧,//www.ziroom.com/z/vr/294272.html,[大兴旧宫] 亦庄线旧宫,1830
晨月园3居室-西北卧,//www.ziroom.com/z/vr/60451870.html,[海淀世纪城] 10号线长春桥,4290
保利茉莉公馆5居室-南卧,//www.ziroom.com/z/vr/184707.html,[大兴黄村] 4号线高米店北,2690
格兰晴天3居室-南卧,//www.ziroom.com/z/vr/60192916.html,[通州玉桥] 八通线梨园,1530
远洋一方润园2号院4居室-南卧,//www.ziroom.com/z/vr/60462025.html,[朝阳管庄] 八通线管庄,2530
润泽公馆5居室-南卧,//www.ziroom.com/z/vr/60426329.html,[朝阳北苑] 13号线北苑,2890
胜古南里2居室-南卧,//www.ziroom.com/z/vr/191537.html,[朝阳安贞] 5号线和平西桥,3190
田园风光雅苑4居室-南卧,//www.ziroom.com/z/vr/60467120.html,[昌平回龙观] 8号线平西府,2830
龙跃苑四区4居室-南卧,//www.ziroom.com/z/vr/60459634.html,[昌平回龙观] 8号线霍营,3090
远见名苑3居室-东南卧,//www.ziroom.com/z/vr/60464631.html,[西城广安门] 7号线达官营,2560
冠城大通百旺府5居室-南卧,//www.ziroom.com/z/vr/60382289.html,[海淀西北旺] 16号线永丰南,1890
金惠园二里6居室-南卧,//www.ziroom.com/z/vr/60430035.html,[大兴黄村] 4号线高米店北,1590
新康家园4居室-南卧,//www.ziroom.com/z/vr/60452878.html,[亦庄开发区亦庄] 亦庄线亦庄文化园,2190
和义西里四区5居室-南卧,//www.ziroom.com/z/vr/60451662.html,[丰台菜户营] ,1660
珠江拉维小镇3居室-北卧,//www.ziroom.com/z/vr/60462788.html,[通州潞苑] ,1560
宝盛里3居室-北卧,//www.ziroom.com/z/vr/60455063.html,[海淀清河] 8号线永泰庄,2260
朱辛庄南区3居室-北卧,//www.ziroom.com/z/vr/60465998.html,[昌平回龙观] 8号线朱辛庄,1690
融泽嘉园3居室-南卧,//www.ziroom.com/z/vr/60450911.html,[昌平西二旗] 13号线龙泽,2590
融泽嘉园3居室-南卧,//www.ziroom.com/z/vr/60451935.html,[昌平西二旗] 13号线龙泽,2590
领秀慧谷D区4居室-南卧,//www.ziroom.com/z/vr/60406772.html,[昌平回龙观] 昌平线生命科学园,1830
世华泊郡5居室-南卧,//www.ziroom.com/z/vr/60447107.html,[朝阳北苑] 13号线立水桥,2290
怡然家园5号院4居室-北卧,//www.ziroom.com/z/vr/60460126.html,[丰台马家堡] 10号线角门东,2630
靓景明居3居室-南卧,//www.ziroom.com/z/vr/60455691.html,[通州果园] 八通线果园,1630
华威北里3居室-东卧,//www.ziroom.com/z/vr/60455006.html,[朝阳潘家园] 10号线潘家园,2760
华威北里3居室-东卧,//www.ziroom.com/z/vr/60460382.html,[朝阳潘家园] 10号线潘家园,2760
华龙苑南里3居室-南卧,//www.ziroom.com/z/vr/60434405.html,[昌平霍营] 8号线霍营,2090
林奥嘉园3居室-南卧,//www.ziroom.com/z/vr/60434497.html,[朝阳奥林匹克公园] 5号线立水桥南,3060
林奥嘉园3居室-南卧,//www.ziroom.com/z/vr/60441064.html,[朝阳奥林匹克公园] 5号线立水桥南,3060
林奥嘉园3居室-南卧,//www.ziroom.com/z/vr/60441331.html,[朝阳奥林匹克公园] 5号线立水桥南,3090
林奥嘉园3居室-南卧,//www.ziroom.com/z/vr/60435396.html,[朝阳奥林匹克公园] 5号线立水桥南,3060
智学苑4居室-东卧,//www.ziroom.com/z/vr/60465377.html,[海淀西二旗] 昌平线西二旗,2530
珠江罗马嘉园西区4居室-东卧,//www.ziroom.com/z/vr/60465357.html,[朝阳朝青] 6号线青年路,3630
龙跃苑四区4居室-北卧,//www.ziroom.com/z/vr/60465800.html,[昌平回龙观] 13号线霍营,2090
世华泊郡5居室-南卧,//www.ziroom.com/z/vr/60447108.html,[朝阳北苑] 13号线立水桥,2790
DBC加州小镇4居室-南卧,//www.ziroom.com/z/vr/60460154.html,[通州临河里] 八通线土桥,1430
京投银泰公园悦府3居室-南卧,//www.ziroom.com/z/vr/60466681.html,[昌平回龙观] 8号线平西府,3190
南海家园五里3居室-南卧,//www.ziroom.com/z/vr/60448817.html,[大兴亦庄] ,1560
蓝天嘉园4居室-南卧,//www.ziroom.com/z/vr/60461171.html,[昌平西二旗] 13号线龙泽,2360
麦子店街2居室-南卧,//www.ziroom.com/z/vr/69045.html,[朝阳燕莎] 10号线农业展览馆,129
北京风景3居室-南卧,//www.ziroom.com/z/vr/60445600.html,[昌平昌平其它] 昌平线南邵,1560
龙跃苑四区4居室-南卧,//www.ziroom.com/z/vr/60463531.html,[昌平回龙观] 8号线霍营,3160
碧波园4居室-北卧,//www.ziroom.com/z/vr/60463309.html,[房山房山其它] 房山线广阳城,1260
果岭小镇4居室-南卧,//www.ziroom.com/z/vr/60448358.html,[昌平回龙观] 昌平线昌平东关,1660
义宾南区4居室-南卧,//www.ziroom.com/z/vr/60450586.html,[顺义顺义城] 15号线石门,2290
丰益花园东区4居室-南卧,//www.ziroom.com/z/vr/132217.html,[丰台丽泽] 10号线泥洼,2960
融泽嘉园3居室-南卧,//www.ziroom.com/z/vr/60449932.html,[昌平西二旗] 13号线龙泽,2590
流星花园二区3居室-南卧,//www.ziroom.com/z/vr/60442989.html,[昌平回龙观] 8号线育知路,2390
融泽嘉园3居室-南卧,//www.ziroom.com/z/vr/60465856.html,[昌平西二旗] 13号线龙泽,2590
万润家园4居室-北卧,//www.ziroom.com/z/vr/60467384.html,[昌平回龙观] 13号线龙泽,1830
流星花园三区4居室-南卧,//www.ziroom.com/z/vr/60464448.html,[昌平回龙观] 8号线育知路,2790
碧波园4居室-南卧,//www.ziroom.com/z/vr/60115176.html,[房山房山其它] 房山线广阳城,1630
正源尚峰尚水3居室-东卧,//www.ziroom.com/z/vr/60450052.html,[海淀海淀北部新区] 16号线稻香湖路,1960
永定路17号院2居室-南卧,//www.ziroom.com/z/vr/60454562.html,[海淀海淀玉泉路] 6号线海淀五路居,3090
东风苑小区3居室-南卧,//www.ziroom.com/z/vr/60407278.html,[朝阳石佛营] 6号线十里堡,2730
天鸿美域4居室-北卧,//www.ziroom.com/z/vr/60459219.html,[丰台青塔] 14号线郭庄子,2190
万年花城五期3居室-南卧,//www.ziroom.com/z/vr/60455316.html,[丰台玉泉营] 10号线首经贸,2990
大山子南里2居室-南卧,//www.ziroom.com/z/vr/266883.html,[朝阳大山子] 14号线望京南,129
财富东方3居室-东卧,//www.ziroom.com/z/vr/60320533.html,[通州新华大街] 6号线通州北关,1630
虎坊路小区3居室-西卧,//www.ziroom.com/z/vr/60460628.html,[西城宣武门] 7号线虎坊桥,3060
世安家园4居室-西卧,//www.ziroom.com/z/vr/60462608.html,[朝阳望京] 15号线望京西,3760
名流花园4居室-南卧,//www.ziroom.com/z/vr/60210290.html,[昌平北七家] 5号线天通苑北,1730
竹园2居室-南卧,//www.ziroom.com/z/vr/60104967.html,[海淀马连洼] 16号线马连洼,2790
世华泊郡3居室-南卧,//www.ziroom.com/z/vr/60444867.html,[朝阳北苑] 13号线立水桥,2830
新海北里3居室-北卧,//www.ziroom.com/z/vr/60460485.html,[亦庄开发区马驹桥] 亦庄线同济南路,1690
次渠嘉园3居室-南卧,//www.ziroom.com/z/vr/60429352.html,[通州通州其它] 亦庄线次渠南,1590
北京新天地4居室-南卧,//www.ziroom.com/z/vr/60108981.html,[朝阳常营] 八通线管庄,2690
金顶街三区3居室-南卧,//www.ziroom.com/z/vr/73317.html,[石景山苹果园] 1号线苹果园,69
和义西里四区5居室-南卧,//www.ziroom.com/z/vr/60434510.html,[丰台菜户营] ,1890
兴海家园日苑3居室-南卧,//www.ziroom.com/z/vr/175959.html,[大兴西红门] 4号线西红门,2130
中国铁建环保嘉苑3居室-南卧,//www.ziroom.com/z/vr/60181480.html,[海淀海淀北部新区] 16号线稻香湖路,1860
天通苑北一区4居室-南卧,//www.ziroom.com/z/vr/60063214.html,[昌平天通苑] 5号线天通苑,1860
康泉小区3居室-南卧,//www.ziroom.com/z/vr/60443167.html,[朝阳双桥] 八通线八里桥,1730
莲怡园一区2居室-南卧,//www.ziroom.com/z/vr/60464480.html,[丰台六里桥] 10号线六里桥,3330
贵园南里丙区3居室-南卧,//www.ziroom.com/z/vr/60438809.html,[亦庄开发区亦庄] 亦庄线亦庄桥,1990
保利茉莉公馆3居室-南卧,//www.ziroom.com/z/vr/155452.html,[大兴黄村] 4号线高米店北,1830
翰林庭院4居室-南卧,//www.ziroom.com/z/vr/56590.html,[大兴黄村] 4号线黄村火车站,1960
北京风景4居室-南卧,//www.ziroom.com/z/vr/60227508.html,[昌平昌平其它] 昌平线南邵,1660
云趣园二区4居室-南卧,//www.ziroom.com/z/vr/60451029.html,[昌平回龙观] 8号线育知路,1790
灵秀山庄4居室-北卧,//www.ziroom.com/z/vr/60443130.html,[大兴旧宫] 亦庄线旧宫,2760
中信新城西区4居室-南卧,//www.ziroom.com/z/vr/60077568.html,[亦庄开发区亦庄] 亦庄线亦庄桥,1990
阿尔法社区三期3居室-南卧,//www.ziroom.com/z/vr/60461906.html,[通州九棵树家乐福] 八通线梨园,1490
珠江拉维小镇3居室-南卧,//www.ziroom.com/z/vr/60462786.html,[通州潞苑] ,1460
冠城大通百旺府4居室-南卧,//www.ziroom.com/z/vr/60412196.html,[海淀西北旺] 16号线永丰南,2960
碧波园4居室-北卧,//www.ziroom.com/z/vr/60463310.html,[房山房山其它] 房山线广阳城,1230
金达园4居室-南卧,//www.ziroom.com/z/vr/132985.html,[昌平西二旗] 13号线龙泽,79
时尚街区西区3居室-南卧,//www.ziroom.com/z/vr/60451620.html,[通州梨园] 八通线梨园,2060
南海家园二里3居室-南卧,//www.ziroom.com/z/vr/60444631.html,[大兴亦庄开发区其它] ,1660
宏盛家园3居室-南卧,//www.ziroom.com/z/vr/60435988.html,[大兴西红门] 4号线西红门,2030
融泽嘉园3居室-南卧,//www.ziroom.com/z/vr/60433766.html,[昌平西二旗] 13号线龙泽,2590
前进花园石门苑3居室-南卧,//www.ziroom.com/z/vr/60434657.html,[顺义顺义城] 15号线石门,1960
融泽嘉园3居室-南卧,//www.ziroom.com/z/vr/60438302.html,[昌平西二旗] 13号线龙泽,2560
融泽嘉园3居室-南卧,//www.ziroom.com/z/vr/60444004.html,[昌平西二旗] 13号线龙泽,2590
翠屏北里东区3居室-南卧,//www.ziroom.com/z/vr/60457108.html,[通州九棵树家乐福] 八通线果园,1630
新龙城3居室-南卧,//www.ziroom.com/z/vr/60188806.html,[昌平回龙观] 13号线龙泽,3190
永乐东区3居室-北卧,//www.ziroom.com/z/vr/60299135.html,[石景山鲁谷] 1号线八宝山,1730
龙兴园南区3居室-南卧,//www.ziroom.com/z/vr/60441536.html,[昌平西二旗] 13号线龙泽,2230
远洋一方润园2号院4居室-南卧,//www.ziroom.com/z/vr/60462022.html,[朝阳管庄] 八通线管庄,2690
怡馨家园4居室-南卧,//www.ziroom.com/z/vr/60356025.html,[顺义顺义城] 15号线石门,1630
芳城园一区3居室-东卧,//www.ziroom.com/z/vr/60449851.html,[丰台方庄] 14号线方庄,2730
义宾北区4居室-南卧,//www.ziroom.com/z/vr/60440223.html,[顺义顺义城] 15号线石门,1830
焦各庄街2号院3居室-南卧,//www.ziroom.com/z/vr/60453133.html,[顺义顺义其它] 15号线南法信,1790
龙腾苑四区5居室-南卧,//www.ziroom.com/z/vr/60243758.html,[昌平回龙观] 13号线回龙观,2490
莱圳家园4居室-北卧,//www.ziroom.com/z/vr/60452097.html,[海淀清河] 8号线西小口,2490
天之骄子4居室-南卧,//www.ziroom.com/z/vr/60216307.html,[朝阳双井] 10号线双井,3290
青秀城3居室-北卧,//www.ziroom.com/z/vr/60454358.html,[丰台草桥] 10号线纪家庙,2690
幸福艺居3居室-北卧,//www.ziroom.com/z/vr/60455552.html,[通州玉桥] 6号线北运河西,1490
劲松一区2居室-南卧,//www.ziroom.com/z/vr/60450339.html,[朝阳劲松] 10号线劲松,3390
奥林匹克花园四期4居室-南卧,//www.ziroom.com/z/vr/60456760.html,[朝阳东坝] ,2760
天通西苑二区4居室-南卧,//www.ziroom.com/z/vr/60443708.html,[昌平天通苑] 5号线天通苑,2160
彩虹新城3居室-南卧,//www.ziroom.com/z/vr/60431047.html,[大兴黄村] 4号线枣园,2060
南海家园二里3居室-南卧,//www.ziroom.com/z/vr/60407653.html,[大兴亦庄开发区其它] ,1530
宝盛北里3居室-南卧,//www.ziroom.com/z/vr/60126755.html,[海淀清河] 8号线永泰庄,2890
马连道中里3居室-北卧,//www.ziroom.com/z/vr/60462402.html,[西城马连道] 7号线湾子,2690
大牛坊四期3居室-南卧,//www.ziroom.com/z/vr/60398024.html,[海淀海淀北部新区] 16号线永丰,1860
清缘里中区3居室-南卧,//www.ziroom.com/z/vr/60462571.html,[海淀清河] 8号线永泰庄,2790
艺苑桐城4居室-北卧,//www.ziroom.com/z/vr/60465042.html,[大兴黄村] 4号线黄村火车站,1490
阳光水岸2居室-南卧,//www.ziroom.com/z/vr/263994.html,[顺义顺义城] 15号线顺义,1590
金汉绿港三区4居室-南卧,//www.ziroom.com/z/vr/60220269.html,[顺义顺义城] 15号线顺义,2330
保利茉莉公馆3居室-南卧,//www.ziroom.com/z/vr/188243.html,[大兴黄村] 4号线高米店北,1860
通惠家园3居室-南卧,//www.ziroom.com/z/vr/60270767.html,[朝阳四惠] 八通线四惠东,3290
林奥嘉园3居室-南卧,//www.ziroom.com/z/vr/60441314.html,[朝阳奥林匹克公园] 5号线立水桥南,3760
六建3居室-南卧,//www.ziroom.com/z/vr/60094998.html,[海淀五棵松] 1号线五棵松,2630
花园路5号院2居室-南卧,//www.ziroom.com/z/vr/75625.html,[海淀北太平庄] 10号线牡丹园,3230
加华印象街4居室-南卧,//www.ziroom.com/z/vr/60382097.html,[通州武夷花园] 6号线通运门,1630
馨然嘉园一区4居室-南卧,//www.ziroom.com/z/vr/60192794.html,[房山长阳] 房山线长阳,1630
融科香雪兰溪3居室-南卧,//www.ziroom.com/z/vr/60449383.html,[通州亦庄开发区其它] ,1460
运河明珠4居室-南卧,//www.ziroom.com/z/vr/217062.html,[通州乔庄] 6号线北运河西,2130
华诚花园3居室-南卧,//www.ziroom.com/z/vr/60470831.html,[通州北关] 6号线物资学院路,2230
南海家园二里3居室-南卧,//www.ziroom.com/z/vr/60447302.html,[大兴亦庄开发区其它] ,1660
远洋天地二期4居室-东卧,//www.ziroom.com/z/vr/60454151.html,[朝阳四惠] 1号线四惠,2790
融泽嘉园3居室-南卧,//www.ziroom.com/z/vr/60249366.html,[昌平西二旗] 13号线龙泽,2290
国美第一城2号院4居室-南卧,//www.ziroom.com/z/vr/60440575.html,[朝阳朝青] 6号线青年路,3190
正源尚峰尚水3居室-南卧,//www.ziroom.com/z/vr/60449646.html,[海淀海淀北部新区] 16号线稻香湖路,1730
国美第一城2号院4居室-南卧,//www.ziroom.com/z/vr/60459566.html,[朝阳朝青] 6号线青年路,3160
嘉园一里3居室-南卧,//www.ziroom.com/z/vr/60457012.html,[丰台马家堡] 4号线马家堡,2660
保利首开熙悦春天4居室-南卧,//www.ziroom.com/z/vr/60405144.html,[大兴天宫院] 4号线天宫院,1490
铁西小区3居室-南卧,//www.ziroom.com/z/vr/60431640.html,[海淀军博] 7号线北京西站,3060
西坝河东里2居室-南卧,//www.ziroom.com/z/vr/201627.html,[朝阳西坝河] 10号线太阳宫,3330
南海家园三里3居室-南卧,//www.ziroom.com/z/vr/60432851.html,[大兴亦庄] ,1530
双兴南区3居室-北卧,//www.ziroom.com/z/vr/60437586.html,[顺义顺义城] 15号线顺义,1290
首开熙悦山澜庭3居室-南卧,//www.ziroom.com/z/vr/60461985.html,[房山长阳] 房山线长阳,1790
东丽温泉3居室-南卧,//www.ziroom.com/z/vr/60426358.html,[丰台洋桥] 10号线角门东,2490
首开国风美唐三期3居室-南卧,//www.ziroom.com/z/vr/60085978.html,[昌平回龙观] 13号线霍营,2390
林奥嘉园3居室-北卧,//www.ziroom.com/z/vr/60426669.html,[朝阳奥林匹克公园] 5号线立水桥南,2360
天通苑北三区4居室-南卧,//www.ziroom.com/z/vr/64294.html,[昌平天通苑] 5号线天通苑,79
合生世界村4居室-北卧,//www.ziroom.com/z/vr/60387032.html,[通州马驹桥] ,1460
樱花园一区4居室-南卧,//www.ziroom.com/z/vr/60430211.html,[顺义李桥] ,1390
清乐园3居室-南卧,//www.ziroom.com/z/vr/60451740.html,[大兴旧宫] 亦庄线旧宫,1790
望园东里2居室-南卧,//www.ziroom.com/z/vr/60254703.html,[丰台七里庄] 14号线七里庄,2960
鸿顺园东区6居室-西北卧,//www.ziroom.com/z/vr/60317965.html,[房山良乡] 房山线良乡大学城西,1090
龙跃苑二区4居室-北卧,//www.ziroom.com/z/vr/60452326.html,[昌平霍营] 13号线霍营,2090
融泽嘉园3居室-南卧,//www.ziroom.com/z/vr/60456860.html,[昌平西二旗] 13号线龙泽,2690
融泽嘉园3居室-南卧,//www.ziroom.com/z/vr/60426362.html,[昌平西二旗] 13号线龙泽,2690
芍药居北里2居室-南卧,//www.ziroom.com/z/vr/250077.html,[朝阳芍药居] 13号线芍药居,2790
万方家园3居室-南卧,//www.ziroom.com/z/vr/60024139.html,[通州新华大街] 八通线通州北苑,1660
K2玉蘭湾3居室-南卧,//www.ziroom.com/z/vr/60196481.html,[通州通州其它] 八通线九棵树,1490
艺苑桐城4居室-北卧,//www.ziroom.com/z/vr/60465043.html,[大兴黄村] 4号线黄村火车站,1490
K2玉蘭湾3居室-南卧,//www.ziroom.com/z/vr/60430404.html,[通州通州其它] 八通线九棵树,1690
林奥嘉园3居室-南卧,//www.ziroom.com/z/vr/60449156.html,[朝阳奥林匹克公园] 5号线立水桥南,3060
林奥嘉园3居室-南卧,//www.ziroom.com/z/vr/60449163.html,[朝阳奥林匹克公园] 5号线立水桥南,3060
京贸国际公馆3居室-南卧,//www.ziroom.com/z/vr/60447348.html,[通州果园] 八通线果园,1660
建邦华庭东区4居室-北卧,//www.ziroom.com/z/vr/60444305.html,[房山长阳] 房山线长阳,1660
清水园一期3居室-南卧,//www.ziroom.com/z/vr/60404644.html,[昌平立水桥] 5号线立水桥,2260
百旺新城3居室-北卧,//www.ziroom.com/z/vr/60462426.html,[海淀西北旺] 16号线西北旺,2290
DBC加州小镇C区3居室-南卧,//www.ziroom.com/z/vr/60421502.html,[通州临河里] 八通线土桥,1590
保利西山林语3居室-南卧,//www.ziroom.com/z/vr/60356528.html,[海淀西北旺] ,2190
鸿顺园东区6居室-北卧,//www.ziroom.com/z/vr/60457094.html,[房山良乡] 房山线良乡大学城西,1190
宝盛北里3居室-南卧,//www.ziroom.com/z/vr/60438935.html,[海淀清河] 8号线永泰庄,3690
远大园六区3居室-南卧,//www.ziroom.com/z/vr/60449496.html,[海淀世纪城] 10号线车道沟,4190
天通西苑三区4居室-南卧,//www.ziroom.com/z/vr/60455279.html,[昌平天通苑] 5号线天通苑,2260
康营家园B区3居室-南卧,//www.ziroom.com/z/vr/60466577.html,[朝阳来广营] 15号线孙河,2060
融科香雪兰溪3居室-南卧,//www.ziroom.com/z/vr/60449381.html,[通州亦庄开发区其它] ,1460
正源尚峰尚水3居室-东卧,//www.ziroom.com/z/vr/60444648.html,[海淀海淀北部新区] 16号线稻香湖路,2090
南湖渠西里3居室-南卧,//www.ziroom.com/z/vr/60275359.html,[朝阳望京] 13号线望京西,2890
中国铁建通瑞嘉苑3居室-南卧,//www.ziroom.com/z/vr/60431092.html,[通州潞苑] ,1490
南海家园二里3居室-南卧,//www.ziroom.com/z/vr/60437650.html,[大兴亦庄开发区其它] ,1490
清澄名苑南区4居室-南卧,//www.ziroom.com/z/vr/94715.html,[大兴黄村] 4号线清源路,2090
水郡长安4居室-南卧,//www.ziroom.com/z/vr/60463677.html,[朝阳双桥] 八通线双桥,2260
运乔嘉园3居室-北卧,//www.ziroom.com/z/vr/60462498.html,[通州乔庄] 6号线北运河西,1590
西坝河西里2居室-南卧,//www.ziroom.com/z/vr/199299.html,[朝阳西坝河] 13号线光熙门,3160
樱花园一区5居室-南卧,//www.ziroom.com/z/vr/60435458.html,[顺义李桥] ,1290
六里屯三区3居室-北卧,//www.ziroom.com/z/vr/60451287.html,[海淀西北旺] 16号线永丰南,1930
太平桥西里3居室-北卧,//www.ziroom.com/z/vr/60458198.html,[丰台六里桥] 9号线六里桥东,2330
裕中东里3居室-西卧,//www.ziroom.com/z/vr/60459821.html,[西城马甸] 8号线安华桥,3130
瑞丽江畔4居室-南卧,//www.ziroom.com/z/vr/60467364.html,[丰台马家堡] 10号线角门西,3630
双井东院2居室-南卧,//www.ziroom.com/z/vr/60363571.html,[朝阳劲松] 7号线双井,2830
冠城大通百旺府4居室-南卧,//www.ziroom.com/z/vr/60374977.html,[海淀西北旺] 16号线永丰南,2090
北京新天地4居室-南卧,//www.ziroom.com/z/vr/199735.html,[朝阳常营] 八通线管庄,1830
荟康苑4居室-南卧,//www.ziroom.com/z/vr/60430556.html,[朝阳定福庄] 6号线黄渠,2160
大牛坊四期3居室-南卧,//www.ziroom.com/z/vr/60401586.html,[海淀海淀北部新区] 16号线永丰,1860
北店嘉园3居室-南卧,//www.ziroom.com/z/vr/60461993.html,[昌平回龙观] 8号线育知路,2390
宣颐家园5居室-南卧,//www.ziroom.com/z/vr/60454187.html,[大兴旧宫] 亦庄线旧宫,1960
大牛坊四期4居室-南卧,//www.ziroom.com/z/vr/60359783.html,[海淀海淀北部新区] 16号线永丰,2160
宝盛里2居室-南卧,//www.ziroom.com/z/vr/60448418.html,[海淀清河] 8号线永泰庄,2590
龙锦苑东四区3居室-南卧,//www.ziroom.com/z/vr/60460450.html,[昌平霍营] 8号线回龙观东大街,2290
宝盛里3居室-南卧,//www.ziroom.com/z/vr/60463411.html,[海淀清河] 8号线永泰庄,2890
馨然嘉园三区3居室-南卧,//www.ziroom.com/z/vr/60463550.html,[房山长阳] 房山线长阳,1530
逸秀名园4居室-南卧,//www.ziroom.com/z/vr/140968.html,[通州新华大街] 八通线通州北苑,1530
肖家河新村西区3居室-东卧,//www.ziroom.com/z/vr/60467553.html,[海淀马连洼] 16号线农大南路,2290
劲松四区2居室-南卧,//www.ziroom.com/z/vr/204338.html,[朝阳劲松] 10号线劲松,2590
大山子南里2居室-北卧,//www.ziroom.com/z/vr/60452712.html,[朝阳大山子] 14号线望京南,2830
正源尚峰尚水3居室-东卧,//www.ziroom.com/z/vr/60450051.html,[海淀海淀北部新区] 16号线稻香湖路,1630
天通西苑三区5居室-南卧,//www.ziroom.com/z/vr/60459148.html,[昌平天通苑] 5号线天通苑,2460
蓝星花园4居室-南卧,//www.ziroom.com/z/vr/60453688.html,[顺义中央别墅区] 15号线花梨坎,2360
蓝星花园4居室-南卧,//www.ziroom.com/z/vr/60453688.html,[顺义中央别墅区] 15号线花梨坎,2360
珠江逸景3居室-南卧,//www.ziroom.com/z/vr/60462672.html,[通州马驹桥] ,1430
金汉绿港四区4居室-南卧,//www.ziroom.com/z/vr/60295705.html,[顺义顺义城] 15号线顺义,2030
新康家园4居室-南卧,//www.ziroom.com/z/vr/60449303.html,[亦庄开发区亦庄] 亦庄线亦庄文化园,2060
合顺家园3居室-北卧,//www.ziroom.com/z/vr/60347230.html,[丰台新宫] 4号线新宫,2030
银地家园3居室-南卧,//www.ziroom.com/z/vr/60459683.html,[丰台花乡] 10号线纪家庙,2290
康泽园3居室-西卧,//www.ziroom.com/z/vr/60119233.html,[丰台赵公口] 10号线石榴庄,2460
大牛坊四期3居室-南卧,//www.ziroom.com/z/vr/60362416.html,[海淀海淀北部新区] 16号线永丰,1860
大牛坊四期3居室-南卧,//www.ziroom.com/z/vr/60352738.html,[海淀海淀北部新区] 16号线永丰,1860
冠城大通百旺府4居室-南卧,//www.ziroom.com/z/vr/60386373.html,[海淀西北旺] 16号线永丰南,2190
融泽嘉园3居室-南卧,//www.ziroom.com/z/vr/60391407.html,[昌平西二旗] 13号线龙泽,2660
大牛坊四期3居室-南卧,//www.ziroom.com/z/vr/60409910.html,[海淀海淀北部新区] 16号线永丰,1860
大牛坊四期3居室-南卧,//www.ziroom.com/z/vr/60409916.html,[海淀海淀北部新区] 16号线永丰,1860
太平桥西里3居室-北卧,//www.ziroom.com/z/vr/60458199.html,[丰台六里桥] 9号线六里桥东,2160
翠竹新村3居室-南卧,//www.ziroom.com/z/vr/60462297.html,[顺义天竺] 15号线国展,2160
肖家河新村西区3居室-西卧,//www.ziroom.com/z/vr/60467555.html,[海淀马连洼] 16号线农大南路,2460
瑞丽江畔4居室-南卧,//www.ziroom.com/z/vr/60467365.html,[丰台马家堡] 10号线角门西,2560
中信新城西区5居室-南卧,//www.ziroom.com/z/vr/60178632.html,[亦庄开发区亦庄] 亦庄线亦庄桥,1830
六里桥家园3居室-南卧,//www.ziroom.com/z/vr/60197374.html,[丰台七里庄] 10号线六里桥,2360
西上园三区3居室-南卧,//www.ziroom.com/z/vr/60456612.html,[通州新华大街] 6号线通运门,1590
豆各庄小区3居室-南卧,//www.ziroom.com/z/vr/60448763.html,[昌平回龙观] 8号线朱辛庄,2090
融科香雪兰溪3居室-南卧,//www.ziroom.com/z/vr/60449382.html,[通州亦庄开发区其它] ,1430
天通苑北二区4居室-南卧,//www.ziroom.com/z/vr/60456223.html,[昌平天通苑] 5号线天通苑,2030
天通西苑三区5居室-南卧,//www.ziroom.com/z/vr/60459149.html,[昌平天通苑] 5号线天通苑,2360
松榆西里3居室-南卧,//www.ziroom.com/z/vr/60455522.html,[朝阳潘家园] 10号线潘家园,2930
海户西里3居室-南卧,//www.ziroom.com/z/vr/60451589.html,[丰台洋桥] 10号线角门东,2690
金惠园三里3居室-南卧,//www.ziroom.com/z/vr/60420497.html,[大兴西红门] 4号线高米店北,1890
丰开苑3居室-南卧,//www.ziroom.com/z/vr/60457052.html,[丰台马家堡] 4号线马家堡,2530
万年花城四期4居室-南卧,//www.ziroom.com/z/vr/60464424.html,[丰台玉泉营] 10号线首经贸,2890
东风苑小区3居室-南卧,//www.ziroom.com/z/vr/60439212.html,[朝阳石佛营] 6号线十里堡,2890
东风苑小区3居室-南卧,//www.ziroom.com/z/vr/60459178.html,[朝阳石佛营] 6号线十里堡,2890
康营家园五区3居室-南卧,//www.ziroom.com/z/vr/60461814.html,[朝阳来广营] 15号线孙河,2360
京贸国际公寓4居室-南卧,//www.ziroom.com/z/vr/60422957.html,[通州通州北苑] 八通线八里桥,1860
天通苑北二区4居室-南卧,//www.ziroom.com/z/vr/60444186.html,[昌平天通苑] 5号线天通苑,1930
肖家河新村东区3居室-南卧,//www.ziroom.com/z/vr/60356403.html,[海淀马连洼] 16号线农大南路,2660
上东三角洲3居室-南卧,//www.ziroom.com/z/vr/60450262.html,[朝阳酒仙桥] 14号线将台,3190
焦各庄街2号院3居室-南卧,//www.ziroom.com/z/vr/60453135.html,[顺义顺义其它] 15号线南法信,1930
紫金新干线3居室-南卧,//www.ziroom.com/z/vr/129227.html,[昌平霍营] 8号线回龙观东大街,2290
矩阵一期4居室-南卧,//www.ziroom.com/z/vr/60456474.html,[昌平霍营] 8号线回龙观东大街,2190
东一时区3居室-南卧,//www.ziroom.com/z/vr/60456129.html,[朝阳管庄] 八通线八里桥,1890
玉林东里二区3居室-南卧,//www.ziroom.com/z/vr/60456970.html,[丰台右安门外] 4号线北京南站,2130
怡佳家园6居室-北卧,//www.ziroom.com/z/vr/60181542.html,[通州新华大街] 八通线通州北苑,1760
北店嘉园5居室-南卧,//www.ziroom.com/z/vr/60235031.html,[昌平回龙观] 8号线育知路,2490
龙腾苑三区4居室-南卧,//www.ziroom.com/z/vr/243455.html,[昌平回龙观] 13号线回龙观,2460
东风苑小区3居室-南卧,//www.ziroom.com/z/vr/60432307.html,[朝阳石佛营] 6号线十里堡,2990
怡海花园富润园4居室-南卧,//www.ziroom.com/z/vr/134335.html,[丰台科技园区] 9号线科怡路,1830
建材城东二里3居室-南卧,//www.ziroom.com/z/vr/60197260.html,[海淀西三旗] 13号线霍营,2990
林奥嘉园3居室-南卧,//www.ziroom.com/z/vr/60440600.html,[朝阳奥林匹克公园] 5号线立水桥南,3860
林奥嘉园3居室-南卧,//www.ziroom.com/z/vr/60435434.html,[朝阳奥林匹克公园] 5号线立水桥南,3860
林奥嘉园3居室-南卧,//www.ziroom.com/z/vr/60433100.html,[朝阳奥林匹克公园] 5号线立水桥南,3760
龙泽苑西区3居室-南卧,//www.ziroom.com/z/vr/60134383.html,[昌平龙泽] 13号线龙泽,2130
世纪金色嘉园4居室-南卧,//www.ziroom.com/z/vr/60457214.html,[丰台右安门外] 4号线北京南站,2890
首开国风美唐二期3居室-北卧,//www.ziroom.com/z/vr/195627.html,[昌平霍营] 8号线回龙观东大街,2030
恬心家园3居室-东卧,//www.ziroom.com/z/vr/60459205.html,[西城右安门内] 7号线广安门内,2990
正源尚峰尚水3居室-东卧,//www.ziroom.com/z/vr/60450050.html,[海淀海淀北部新区] 16号线稻香湖路,2130
京贸国际城西区3居室-南卧,//www.ziroom.com/z/vr/60255223.html,[通州武夷花园] 6号线通运门,1530
双裕花园西区4居室-南卧,//www.ziroom.com/z/vr/60066956.html,[顺义后沙峪] 15号线后沙峪,1930
兴海家园星苑3居室-南卧,//www.ziroom.com/z/vr/60403729.html,[大兴西红门] 4号线西红门,1830
林奥嘉园3居室-南卧,//www.ziroom.com/z/vr/60428061.html,[朝阳奥林匹克公园] 5号线立水桥南,2360
北京新天地3居室-南卧,//www.ziroom.com/z/vr/103292.html,[朝阳常营] 八通线管庄,1960
樱花园三区5居室-南卧,//www.ziroom.com/z/vr/60459499.html,[顺义李桥] ,1390
林奥嘉园3居室-南卧,//www.ziroom.com/z/vr/60433149.html,[朝阳奥林匹克公园] 5号线立水桥南,3860
武夷花园牡丹园4居室-南卧,//www.ziroom.com/z/vr/129067.html,[通州武夷花园] 6号线北运河东,1690
北街家园七区4居室-南卧,//www.ziroom.com/z/vr/60227434.html,[昌平回龙观] 昌平线沙河高教园,1690
世华泊郡3居室-南卧,//www.ziroom.com/z/vr/60451646.html,[朝阳北苑] 13号线立水桥,2830
南海家园二里3居室-南卧,//www.ziroom.com/z/vr/60409147.html,[大兴亦庄开发区其它] ,1530
桃园公寓4居室-南卧,//www.ziroom.com/z/vr/308839.html,[昌平小汤山] ,1560
远洋山水4居室-南卧,//www.ziroom.com/z/vr/60440817.html,[石景山鲁谷] 1号线八宝山,3590
兴政家园3居室-南卧,//www.ziroom.com/z/vr/60451308.html,[大兴黄村] 4号线黄村西大街,1690
上地佳园5居室-南卧,//www.ziroom.com/z/vr/301047.html,[海淀上地] 13号线上地,3560
和光里3居室-北卧,//www.ziroom.com/z/vr/183126.html,[丰台五里店] 14号线郭庄子,1890
苹果派3居室-南卧,//www.ziroom.com/z/vr/60152958.html,[朝阳常营] 6号线黄渠,2530
首开熙悦睿府书香4居室-南卧,//www.ziroom.com/z/vr/60346740.html,[房山良乡] 房山线良乡大学城,1690
龙跃苑二区4居室-南卧,//www.ziroom.com/z/vr/60387104.html,[昌平霍营] 8号线霍营,3030
馨然嘉园二区3居室-南卧,//www.ziroom.com/z/vr/60456629.html,[房山长阳] 房山线长阳,1560
方恒东景3居室-南卧,//www.ziroom.com/z/vr/60459964.html,[通州梨园] 八通线土桥,1590
方恒东景3居室-南卧,//www.ziroom.com/z/vr/60459982.html,[通州梨园] 八通线土桥,1590
北店嘉园5居室-南卧,//www.ziroom.com/z/vr/60453282.html,[昌平回龙观] 8号线育知路,2090
旗胜家园3居室-南卧,//www.ziroom.com/z/vr/60455720.html,[昌平西三旗] 8号线霍营,2590
林奥嘉园3居室-南卧,//www.ziroom.com/z/vr/60426605.html,[朝阳奥林匹克公园] 5号线立水桥南,3660
林奥嘉园3居室-南卧,//www.ziroom.com/z/vr/60428060.html,[朝阳奥林匹克公园] 5号线立水桥南,3660
南海家园六里4居室-南卧,//www.ziroom.com/z/vr/60446594.html,[大兴亦庄] ,1560
时尚街区东区3居室-南卧,//www.ziroom.com/z/vr/274266.html,[通州梨园] 八通线梨园,1690
翠竹新村3居室-北卧,//www.ziroom.com/z/vr/60462299.html,[顺义天竺] 15号线国展,1930
金汉绿港四区4居室-南卧,//www.ziroom.com/z/vr/70697.html,[顺义顺义城] 15号线顺义,1730
云趣园一区4居室-南卧,//www.ziroom.com/z/vr/15709.html,[昌平回龙观] 8号线育知路,2030
林奥嘉园3居室-北卧,//www.ziroom.com/z/vr/60426670.html,[朝阳奥林匹克公园] 5号线立水桥南,2960
新华联家园北区4居室-南卧,//www.ziroom.com/z/vr/60270149.html,[通州果园] 八通线果园,2530
合立方4居室-南卧,//www.ziroom.com/z/vr/60446652.html,[昌平立水桥] 5号线立水桥,3690
管庄新村3居室-南卧,//www.ziroom.com/z/vr/269986.html,[朝阳双桥] 八通线管庄,1860
京投银泰公园悦府3居室-南卧,//www.ziroom.com/z/vr/60361083.html,[昌平回龙观] 8号线平西府,2190
大牛坊四期3居室-南卧,//www.ziroom.com/z/vr/60351123.html,[海淀海淀北部新区] 16号线永丰,1830
大牛坊四期3居室-南卧,//www.ziroom.com/z/vr/60382228.html,[海淀海淀北部新区] 16号线永丰,1860
大牛坊四期3居室-南卧,//www.ziroom.com/z/vr/60339273.html,[海淀海淀北部新区] 16号线永丰,1860
上地西里3居室-南卧,//www.ziroom.com/z/vr/60446346.html,[海淀上地] 13号线上地,2930
合顺家园3居室-南卧,//www.ziroom.com/z/vr/60443096.html,[丰台新宫] 4号线新宫,2160
大牛坊四期3居室-南卧,//www.ziroom.com/z/vr/60409682.html,[海淀海淀北部新区] 16号线永丰,1860
长桥园公寓3居室-南卧,//www.ziroom.com/z/vr/60162345.html,[通州通州北苑] 八通线八里桥,1890
华威北里3居室-南卧,//www.ziroom.com/z/vr/60458130.html,[朝阳潘家园] 10号线潘家园,2730
合顺家园3居室-北卧,//www.ziroom.com/z/vr/60453983.html,[丰台新宫] 4号线新宫,1860
珠江罗马嘉园东区4居室-南卧,//www.ziroom.com/z/vr/60446305.html,[朝阳朝青] 6号线青年路,4230
林奥嘉园4居室-南卧,//www.ziroom.com/z/vr/60449146.html,[朝阳奥林匹克公园] 5号线立水桥南,3660
林奥嘉园4居室-南卧,//www.ziroom.com/z/vr/60449175.html,[朝阳奥林匹克公园] 5号线立水桥南,3660
新源里西2居室-南卧,//www.ziroom.com/z/vr/60452982.html,[朝阳工体] 10号线亮马桥,3690
佳和园新区3居室-南卧,//www.ziroom.com/z/vr/60394814.html,[大兴旧宫] 亦庄线旧宫,2030
远洋一方林语苑3居室-南卧,//www.ziroom.com/z/vr/60443865.html,[朝阳管庄] 八通线管庄,1990
方庄南路18号院3居室-南卧,//www.ziroom.com/z/vr/60453736.html,[丰台方庄] 10号线成寿寺,2590
豆瓣胡同2居室-南卧,//www.ziroom.com/z/vr/188184.html,[东城朝阳门内] 2号线朝阳门,3360
豆瓣胡同2居室-南卧,//www.ziroom.com/z/vr/188184.html,[东城朝阳门内] 2号线朝阳门,3360
北店嘉园3居室-南卧,//www.ziroom.com/z/vr/60459304.html,[昌平回龙观] 8号线育知路,2290
大山子北里2居室-南卧,//www.ziroom.com/z/vr/60439950.html,[朝阳大山子] 14号线望京南,3560
义宾北区3居室-东卧,//www.ziroom.com/z/vr/60374587.html,[顺义顺义城] 15号线石门,1890
贵园南里丙区3居室-南卧,//www.ziroom.com/z/vr/60445212.html,[亦庄开发区亦庄] 亦庄线亦庄桥,1890
冠城大通百旺府4居室-南卧,//www.ziroom.com/z/vr/60412198.html,[海淀西北旺] 16号线永丰南,2160
空军机械家属院3居室-南卧,//www.ziroom.com/z/vr/220674.html,[昌平西三旗] 8号线育新,2430
虎坊路小区3居室-西卧,//www.ziroom.com/z/vr/60460626.html,[西城宣武门] 7号线虎坊桥,2460
宏城花园3居室-南卧,//www.ziroom.com/z/vr/242846.html,[顺义顺义城] 15号线石门,1990
石园东苑4居室-南卧,//www.ziroom.com/z/vr/137141.html,[顺义顺义城] ,1590
冠城大通百旺府4居室-北卧,//www.ziroom.com/z/vr/60374805.html,[海淀西北旺] 16号线永丰南,1660
冠城大通百旺府4居室-北卧,//www.ziroom.com/z/vr/60376119.html,[海淀西北旺] 16号线永丰南,1660
冠城大通百旺府4居室-北卧,//www.ziroom.com/z/vr/60382077.html,[海淀西北旺] 16号线永丰南,1630
首开熙悦睿府书香3居室-南卧,//www.ziroom.com/z/vr/60438573.html,[房山良乡] 房山线良乡大学城,1460
首开熙悦山澜庭3居室-南卧,//www.ziroom.com/z/vr/60461986.html,[房山长阳] 房山线长阳,1490
世纪东方城4居室-南卧,//www.ziroom.com/z/vr/178410.html,[朝阳欢乐谷] 7号线南楼梓庄,2560
南湖佳苑4居室-南卧,//www.ziroom.com/z/vr/60211870.html,[朝阳望京] 14号线东湖渠,3830
北京新天地4居室-南卧,//www.ziroom.com/z/vr/136283.html,[朝阳常营] 八通线管庄,69
亦庄北岸4居室-南卧,//www.ziroom.com/z/vr/197589.html,[大兴旧宫] 亦庄线旧宫,2030
北新家园3居室-南卧,//www.ziroom.com/z/vr/60464363.html,[海淀西三旗] 8号线育新,2390
红庙北里2居室-南卧,//www.ziroom.com/z/vr/207390.html,[朝阳红庙] 6号线金台路,3230
恬心家园3居室-东卧,//www.ziroom.com/z/vr/60459204.html,[西城右安门内] 7号线广安门内,3160
林奥嘉园4居室-南卧,//www.ziroom.com/z/vr/60433802.html,[朝阳奥林匹克公园] 5号线立水桥南,3760
怡馨家园3居室-南卧,//www.ziroom.com/z/vr/42907.html,[顺义顺义城] 15号线石门,1660
青秀城3居室-南卧,//www.ziroom.com/z/vr/60464681.html,[丰台草桥] 10号线纪家庙,2360
桃园公寓4居室-南卧,//www.ziroom.com/z/vr/60055535.html,[昌平小汤山] ,1560
冠城大通百旺府5居室-东南卧,//www.ziroom.com/z/vr/60382286.html,[海淀西北旺] 16号线永丰南,2130
新华联家园南区5居室-南卧,//www.ziroom.com/z/vr/60452537.html,[通州果园] 八通线果园,1690
嘉园二里2居室-西卧,//www.ziroom.com/z/vr/322889.html,[丰台马家堡] 10号线角门西,2390
裕中西里2居室-南卧,//www.ziroom.com/z/vr/60108845.html,[西城马甸西城区] 10号线健德门,3530
长安新城一区4居室-南卧,//www.ziroom.com/z/vr/60463039.html,[丰台青塔] 1号线玉泉路,2760
华威北里3居室-南卧,//www.ziroom.com/z/vr/148704.html,[朝阳潘家园] 10号线潘家园,2830
林奥嘉园3居室-南卧,//www.ziroom.com/z/vr/60441316.html,[朝阳奥林匹克公园] 5号线立水桥南,3060
首开国风美仑3居室-南卧,//www.ziroom.com/z/vr/60443108.html,[通州马驹桥] ,1460
双龙南里3居室-北卧,//www.ziroom.com/z/vr/60411996.html,[朝阳潘家园] 14号线北工大西门,1930
农丰里3居室-南卧,//www.ziroom.com/z/vr/169046.html,[朝阳朝阳门外] 6号线东大桥,3190
融科香雪兰溪5居室-南卧,//www.ziroom.com/z/vr/64526.html,[通州亦庄开发区其它] ,1590
农丰里3居室-南卧,//www.ziroom.com/z/vr/169046.html,[朝阳朝阳门外] 6号线东大桥,3190
格瑞雅居4居室-南卧,//www.ziroom.com/z/vr/266321.html,[通州果园] 八通线果园,1830
天通西苑三区4居室-北卧,//www.ziroom.com/z/vr/60451519.html,[昌平天通苑] 5号线天通苑,2460
建东苑3居室-南卧,//www.ziroom.com/z/vr/60459650.html,[朝阳定福庄] 八通线双桥,1990
甘露家园3居室-北卧,//www.ziroom.com/z/vr/60465832.html,[朝阳甘露园] 6号线青年路,2290
天通苑北三区3居室-南卧,//www.ziroom.com/z/vr/132594.html,[昌平天通苑] 5号线天通苑,2230
林奥嘉园3居室-南卧,//www.ziroom.com/z/vr/60441429.html,[朝阳奥林匹克公园] 5号线立水桥南,3860
育新花园2居室-西卧,//www.ziroom.com/z/vr/60456681.html,[海淀西三旗] 8号线育新,2830
国美第一城2号院4居室-南卧,//www.ziroom.com/z/vr/60458948.html,[朝阳朝青] 6号线青年路,3190
合顺家园3居室-南卧,//www.ziroom.com/z/vr/60343940.html,[丰台新宫] 4号线新宫,2190
林奥嘉园3居室-南卧,//www.ziroom.com/z/vr/60435416.html,[朝阳奥林匹克公园] 5号线立水桥南,2460
云趣园二区4居室-北卧,//www.ziroom.com/z/vr/60451028.html,[昌平回龙观] 8号线育知路,2790
远洋一方北润园3居室-南卧,//www.ziroom.com/z/vr/60454066.html,[朝阳管庄] 八通线管庄,1960
云趣园一区4居室-北卧,//www.ziroom.com/z/vr/60454819.html,[昌平回龙观] 8号线育知路,2790
双裕花园西区4居室-南卧,//www.ziroom.com/z/vr/60066954.html,[顺义后沙峪] 15号线后沙峪,1860
阳光星苑2居室-南卧,//www.ziroom.com/z/vr/60097137.html,[丰台西红门] 4号线新宫,1830
华威北里3居室-东卧,//www.ziroom.com/z/vr/60460383.html,[朝阳潘家园] 10号线潘家园,2530
华威北里3居室-北卧,//www.ziroom.com/z/vr/60455008.html,[朝阳潘家园] 10号线潘家园,2260
金色漫香苑6居室-南卧,//www.ziroom.com/z/vr/60087761.html,[昌平北七家] ,1630
灵秀山庄4居室-南卧,//www.ziroom.com/z/vr/60443132.html,[大兴旧宫] 亦庄线旧宫,1830
林奥嘉园3居室-南卧,//www.ziroom.com/z/vr/60426513.html,[朝阳奥林匹克公园] 5号线立水桥南,2360
樱花园二区4居室-南卧,//www.ziroom.com/z/vr/60442002.html,[顺义李桥] ,1390
郁花园一里3居室-南卧,//www.ziroom.com/z/vr/60458432.html,[大兴西红门] 4号线高米店北,1730
林奥嘉园3居室-南卧,//www.ziroom.com/z/vr/60435415.html,[朝阳奥林匹克公园] 5号线立水桥南,3760
华业东方玫瑰3居室-南卧,//www.ziroom.com/z/vr/60463009.html,[通州临河里] 八通线临河里,1490
明发雅苑4居室-南卧,//www.ziroom.com/z/vr/60267844.html,[大兴天宫院] 4号线生物医药基地,2190
方宝苑3居室-南卧,//www.ziroom.com/z/vr/60420430.html,[丰台成寿寺] 10号线成寿寺,2460
龙禧苑五区6居室-南卧,//www.ziroom.com/z/vr/60459599.html,[昌平回龙观] 8号线育知路,1860
兴政家园3居室-南卧,//www.ziroom.com/z/vr/60455172.html,[大兴黄村] 4号线黄村西大街,1690
林奥嘉园3居室-南卧,//www.ziroom.com/z/vr/60449168.html,[朝阳奥林匹克公园] 5号线立水桥南,3660
水郡长安4居室-东南卧,//www.ziroom.com/z/vr/60463679.html,[朝阳双桥] 八通线双桥,2530
林奥嘉园3居室-南卧,//www.ziroom.com/z/vr/60426512.html,[朝阳奥林匹克公园] 5号线立水桥南,3660
林奥嘉园3居室-南卧,//www.ziroom.com/z/vr/60426638.html,[朝阳奥林匹克公园] 5号线立水桥南,3660
林奥嘉园3居室-南卧,//www.ziroom.com/z/vr/60427833.html,[朝阳奥林匹克公园] 5号线立水桥南,3660
三环新城7号院4居室-西卧,//www.ziroom.com/z/vr/60303902.html,[丰台玉泉营] 10号线丰台站,1830
马连道中里4居室-南卧,//www.ziroom.com/z/vr/131956.html,[西城马连道] 7号线湾子,2230
众亿嘉园4居室-南卧,//www.ziroom.com/z/vr/66793.html,[朝阳管庄] 八通线管庄,2060
加华印象街3居室-南卧,//www.ziroom.com/z/vr/60104780.html,[通州武夷花园] 6号线通运门,1830
新康家园4居室-南卧,//www.ziroom.com/z/vr/60452877.html,[亦庄开发区亦庄] 亦庄线亦庄文化园,1990
金惠园三里3居室-南卧,//www.ziroom.com/z/vr/60450489.html,[大兴西红门] 4号线高米店北,1690
周庄嘉园三期4居室-南卧,//www.ziroom.com/z/vr/60456104.html,[朝阳潘家园] 14号线北工大西门,3430
金惠园三里3居室-南卧,//www.ziroom.com/z/vr/60455210.html,[大兴西红门] 4号线高米店北,1690
南海家园六里3居室-南卧,//www.ziroom.com/z/vr/60410658.html,[大兴亦庄] ,1490
新城阳光3居室-南卧,//www.ziroom.com/z/vr/262369.html,[通州梨园] 八通线梨园,1830
金色漫香苑6居室-南卧,//www.ziroom.com/z/vr/60087766.html,[昌平北七家] ,1560
菊园3居室-南卧,//www.ziroom.com/z/vr/60452733.html,[海淀马连洼] 16号线马连洼,3490
车站北里3居室-南卧,//www.ziroom.com/z/vr/60447423.html,[大兴黄村] 4号线黄村火车站,1560
方恒东景3居室-南卧,//www.ziroom.com/z/vr/60448577.html,[通州梨园] 八通线土桥,1530
鸿业兴园一区3居室-南卧,//www.ziroom.com/z/vr/60463804.html,[丰台科技园区] 9号线科怡路,2230
清欣园甲区4居室-北卧,//www.ziroom.com/z/vr/60432265.html,[大兴旧宫] 亦庄线旧宫,1630
南海家园六里3居室-南卧,//www.ziroom.com/z/vr/60422713.html,[大兴亦庄] ,1560
碧波园4居室-南卧,//www.ziroom.com/z/vr/60261759.html,[房山房山其它] 房山线广阳城,1830
双兴南区3居室-南卧,//www.ziroom.com/z/vr/60437585.html,[顺义顺义城] 15号线顺义,1530
豆各庄小区5居室-南卧,//www.ziroom.com/z/vr/60450167.html,[昌平回龙观] 8号线朱辛庄,1730
合立方4居室-南卧,//www.ziroom.com/z/vr/60441664.html,[昌平立水桥] 5号线立水桥,3690
丰管路甲56号院4居室-南卧,//www.ziroom.com/z/vr/60404932.html,[丰台北大地] 9号线丰台东大街,2660
时代龙和4居室-南卧,//www.ziroom.com/z/vr/178490.html,[大兴黄村] 4号线黄村西大街,2160
天通苑北二区4居室-南卧,//www.ziroom.com/z/vr/314933.html,[昌平天通苑] 5号线天通苑,2060
合顺家园3居室-南卧,//www.ziroom.com/z/vr/60362243.html,[丰台新宫] 4号线新宫,2160
东兴一区3居室-南卧,//www.ziroom.com/z/vr/60272287.html,[顺义顺义城] 15号线顺义,1830
领秀慧谷C区3居室-南卧,//www.ziroom.com/z/vr/60243390.html,[昌平西二旗] 昌平线朱辛庄,2330
通泰国际公馆3居室-南卧,//www.ziroom.com/z/vr/60434661.html,[亦庄开发区亦庄] 亦庄线经海路,1830
金惠园二里6居室-南卧,//www.ziroom.com/z/vr/60430033.html,[大兴黄村] 4号线高米店北,1590
马连道中里3居室-北卧,//www.ziroom.com/z/vr/60462401.html,[西城马连道] 7号线湾子,2190
大洼回迁房3居室-南卧,//www.ziroom.com/z/vr/60457790.html,[大兴黄村] 4号线黄村火车站,1490
矩阵一期3居室-南卧,//www.ziroom.com/z/vr/60463616.html,[昌平霍营] 8号线回龙观东大街,2230
樱花园三区4居室-南卧,//www.ziroom.com/z/vr/60097266.html,[顺义李桥] ,1630
橙色年代4居室-南卧,//www.ziroom.com/z/vr/60434935.html,[海淀六里桥] 10号线六里桥,2290
松榆西里3居室-南卧,//www.ziroom.com/z/vr/60455523.html,[朝阳潘家园] 10号线潘家园,2590
晓月新城3居室-南卧,//www.ziroom.com/z/vr/60272341.html,[丰台卢沟桥] ,1660
芭蕾雨悦都北区3居室-南卧,//www.ziroom.com/z/vr/60354943.html,[房山长阳] 房山线篱笆房,1690
世华泊郡5居室-南卧,//www.ziroom.com/z/vr/60447105.html,[朝阳北苑] 13号线立水桥,3090
义宾南区4居室-南卧,//www.ziroom.com/z/vr/60450587.html,[顺义顺义城] 15号线石门,1560
双兴南区3居室-南卧,//www.ziroom.com/z/vr/60436702.html,[顺义顺义城] 15号线顺义,1490
顶秀欣园东苑3居室-南卧,//www.ziroom.com/z/vr/60448260.html,[丰台宋家庄] 5号线宋家庄,2090
兴华园3居室-北卧,//www.ziroom.com/z/vr/60023261.html,[大兴黄村] 4号线清源路,1890
宝盛里3居室-北卧,//www.ziroom.com/z/vr/60455062.html,[海淀清河] 8号线永泰庄,2160
垂杨柳北里2居室-南卧,//www.ziroom.com/z/vr/60112220.html,[朝阳劲松] 10号线双井,2790
清澄名苑南区4居室-南卧,//www.ziroom.com/z/vr/20881.html,[大兴黄村] 4号线清源路,1730
慧忠北里4居室-北卧,//www.ziroom.com/z/vr/74072.html,[朝阳亚运村] 15号线安立路,99
京投银泰公园悦府3居室-南卧,//www.ziroom.com/z/vr/60357548.html,[昌平回龙观] 8号线平西府,2230
北街家园七区3居室-南卧,//www.ziroom.com/z/vr/60184672.html,[昌平回龙观] 昌平线沙河高教园,1590
方安苑4居室-南卧,//www.ziroom.com/z/vr/60451082.html,[丰台宋家庄] 14号线方庄,2290
菊园3居室-南卧,//www.ziroom.com/z/vr/60419396.html,[海淀马连洼] 16号线马连洼,3790
新里.西斯莱公馆4居室-南卧,//www.ziroom.com/z/vr/73738.html,[大兴黄村] 4号线高米店南,2190
冠城大通百旺府5居室-东北卧,//www.ziroom.com/z/vr/60382287.html,[海淀西北旺] 16号线永丰南,1730
城市经典4居室-西北卧,//www.ziroom.com/z/vr/60445918.html,[丰台科技园区] 9号线科怡路,2460
北店嘉园3居室-南卧,//www.ziroom.com/z/vr/60461991.html,[昌平回龙观] 8号线育知路,2190
贵园南里丙区3居室-南卧,//www.ziroom.com/z/vr/60438807.html,[亦庄开发区亦庄] 亦庄线亦庄桥,1790
万象新天二区4居室-南卧,//www.ziroom.com/z/vr/60104578.html,[朝阳常营] 6号线常营,2230
国仕汇4居室-南卧,//www.ziroom.com/z/vr/47351.html,[昌平回龙观] 13号线龙泽,1890
京贸国际公馆4居室-南卧,//www.ziroom.com/z/vr/60440029.html,[通州果园] 八通线果园,1360
世华泊郡3居室-南卧,//www.ziroom.com/z/vr/60451645.html,[朝阳北苑] 13号线立水桥,2230
南海家园五里3居室-南卧,//www.ziroom.com/z/vr/60448815.html,[大兴亦庄] ,1530
融泽嘉园3居室-南卧,//www.ziroom.com/z/vr/60456858.html,[昌平西二旗] 13号线龙泽,2330
三环新城7号院3居室-南卧,//www.ziroom.com/z/vr/60463234.html,[丰台玉泉营] 10号线丰台站,3160
天时名苑4居室-北卧,//www.ziroom.com/z/vr/277219.html,[通州通州北苑] 八通线通州北苑,1830
烟树园2居室-北卧,//www.ziroom.com/z/vr/124115.html,[海淀世纪城] 10号线火器营,2830
林奥嘉园3居室-南卧,//www.ziroom.com/z/vr/60434496.html,[朝阳奥林匹克公园] 5号线立水桥南,2460
林奥嘉园3居室-南卧,//www.ziroom.com/z/vr/60441063.html,[朝阳奥林匹克公园] 5号线立水桥南,2460
林奥嘉园3居室-南卧,//www.ziroom.com/z/vr/60441330.html,[朝阳奥林匹克公园] 5号线立水桥南,2460
林奥嘉园3居室-南卧,//www.ziroom.com/z/vr/60435395.html,[朝阳奥林匹克公园] 5号线立水桥南,2460
林奥嘉园3居室-南卧,//www.ziroom.com/z/vr/60449210.html,[朝阳奥林匹克公园] 5号线立水桥南,2460
林奥嘉园3居室-南卧,//www.ziroom.com/z/vr/60428514.html,[朝阳奥林匹克公园] 5号线立水桥南,2460
龙锦苑东三区4居室-北卧,//www.ziroom.com/z/vr/221604.html,[昌平霍营] 8号线回龙观东大街,1660
义宾北区4居室-南卧,//www.ziroom.com/z/vr/60207317.html,[顺义顺义城] 15号线石门,1830
百荣嘉园3居室-南卧,//www.ziroom.com/z/vr/60025023.html,[东城永定门] 14号线永定门外,2290
金达园3居室-南卧,//www.ziroom.com/z/vr/60444293.html,[昌平西二旗] 13号线龙泽,2190
南海家园二里3居室-南卧,//www.ziroom.com/z/vr/60444629.html,[大兴亦庄开发区其它] ,1630
金港国际4居室-东北卧,//www.ziroom.com/z/vr/60458054.html,[朝阳大望路] 14号线九龙山,4290
旗胜家园3居室-南卧,//www.ziroom.com/z/vr/60464061.html,[昌平西三旗] 8号线霍营,2590
义宾北区3居室-西卧,//www.ziroom.com/z/vr/60357663.html,[顺义顺义城] 15号线石门,1730
前进花园石门苑3居室-南卧,//www.ziroom.com/z/vr/60431655.html,[顺义顺义城] 15号线石门,1790
珠江峰景3居室-西卧,//www.ziroom.com/z/vr/60452422.html,[丰台岳各庄] 14号线大井,2590
京贸国际公寓4居室-北卧,//www.ziroom.com/z/vr/60464771.html,[通州通州北苑] 八通线八里桥,2130
首开国风美唐二期3居室-北卧,//www.ziroom.com/z/vr/60465418.html,[昌平霍营] 8号线回龙观东大街,2860
大山子西里2居室-南卧,//www.ziroom.com/z/vr/60183480.html,[朝阳酒仙桥] 14号线望京南,3130
恬心家园3居室-东卧,//www.ziroom.com/z/vr/60459206.html,[西城右安门内] 7号线广安门内,2590
郁花园一里4居室-南卧,//www.ziroom.com/z/vr/103458.html,[大兴西红门] 4号线高米店北,1790
武夷花园牡丹园5居室-南卧,//www.ziroom.com/z/vr/60343557.html,[通州武夷花园] 6号线北运河东,1690
林奥嘉园3居室-南卧,//www.ziroom.com/z/vr/60434495.html,[朝阳奥林匹克公园] 5号线立水桥南,3760
林奥嘉园3居室-南卧,//www.ziroom.com/z/vr/60441062.html,[朝阳奥林匹克公园] 5号线立水桥南,3760
林奥嘉园3居室-南卧,//www.ziroom.com/z/vr/60441329.html,[朝阳奥林匹克公园] 5号线立水桥南,3760
林奥嘉园3居室-南卧,//www.ziroom.com/z/vr/60435394.html,[朝阳奥林匹克公园] 5号线立水桥南,3760
林奥嘉园3居室-南卧,//www.ziroom.com/z/vr/60449154.html,[朝阳奥林匹克公园] 5号线立水桥南,3560
正源尚峰尚水3居室-东卧,//www.ziroom.com/z/vr/60444650.html,[海淀海淀北部新区] 16号线稻香湖路,1930
水利局小区3居室-南卧,//www.ziroom.com/z/vr/60458326.html,[海淀马连洼] 16号线马连洼,3590
林奥嘉园3居室-南卧,//www.ziroom.com/z/vr/60428513.html,[朝阳奥林匹克公园] 5号线立水桥南,3760
南海家园三里4居室-南卧,//www.ziroom.com/z/vr/60433131.html,[大兴亦庄] ,1430
弘善家园3居室-西卧,//www.ziroom.com/z/vr/224922.html,[朝阳潘家园] 10号线十里河,2690
龙兴园北区4居室-南卧,//www.ziroom.com/z/vr/204445.html,[昌平龙泽] 13号线龙泽,2190
林奥嘉园3居室-南卧,//www.ziroom.com/z/vr/60441315.html,[朝阳奥林匹克公园] 5号线立水桥南,2460
龙锦苑六区5居室-南卧,//www.ziroom.com/z/vr/60457344.html,[昌平霍营] 8号线平西府,1960
金惠园三里5居室-南卧,//www.ziroom.com/z/vr/60458783.html,[大兴西红门] 4号线高米店北,1590
华威北里3居室-南卧,//www.ziroom.com/z/vr/148705.html,[朝阳潘家园] 10号线潘家园,2490
馨然嘉园一区3居室-南卧,//www.ziroom.com/z/vr/60441516.html,[房山长阳] 房山线长阳,1590
肖家河新村东区3居室-南卧,//www.ziroom.com/z/vr/60461948.html,[海淀马连洼] 16号线农大南路,2560
豆各庄小区5居室-南卧,//www.ziroom.com/z/vr/60450169.html,[昌平回龙观] 8号线朱辛庄,1660
万年花城五期3居室-南卧,//www.ziroom.com/z/vr/60455318.html,[丰台玉泉营] 10号线首经贸,2990
莲水怡园4居室-南卧,//www.ziroom.com/z/vr/60046229.html,[亦庄开发区马驹桥] 亦庄线同济南路,1890
田园风光雅苑4居室-南卧,//www.ziroom.com/z/vr/60391034.html,[昌平回龙观] 8号线平西府,2560
方恒东景3居室-南卧,//www.ziroom.com/z/vr/60459965.html,[通州梨园] 八通线土桥,1430
方恒东景3居室-南卧,//www.ziroom.com/z/vr/60459983.html,[通州梨园] 八通线土桥,1430
方恒东景3居室-南卧,//www.ziroom.com/z/vr/60459965.html,[通州梨园] 八通线土桥,1430
方恒东景3居室-南卧,//www.ziroom.com/z/vr/60459983.html,[通州梨园] 八通线土桥,1430
馨然嘉园二区3居室-南卧,//www.ziroom.com/z/vr/60066212.html,[房山长阳] 房山线长阳,1490
天通苑东一区4居室-南卧,//www.ziroom.com/z/vr/60194710.html,[昌平天通苑] 5号线天通苑南,2190
桃园公寓4居室-西卧,//www.ziroom.com/z/vr/60233804.html,[昌平小汤山] ,1530
东亚奥北中心北区3居室-南卧,//www.ziroom.com/z/vr/60447064.html,[昌平立水桥] 13号线立水桥,2790
龙跃苑二区3居室-南卧,//www.ziroom.com/z/vr/60444040.html,[昌平霍营] 8号线霍营,2130
福溪家园3居室-南卧,//www.ziroom.com/z/vr/60450524.html,[海淀海淀北部新区] ,1830
大牛坊四期3居室-南卧,//www.ziroom.com/z/vr/60398022.html,[海淀海淀北部新区] 16号线永丰,1860
绿林苑4居室-北卧,//www.ziroom.com/z/vr/60417519.html,[大兴西红门] 4号线新宫,1660
溪城家园3居室-南卧,//www.ziroom.com/z/vr/60405860.html,[昌平立水桥] 5号线立水桥南,2330
林奥嘉园3居室-南卧,//www.ziroom.com/z/vr/60444172.html,[朝阳奥林匹克公园] 5号线立水桥南,3060
翰林庭院3居室-南卧,//www.ziroom.com/z/vr/262679.html,[大兴黄村] 4号线黄村火车站,1660
京科苑2居室-南卧,//www.ziroom.com/z/vr/60252672.html,[昌平沙河] 昌平线昌平 ,1460
中国铁建通瑞嘉苑4居室-南卧,//www.ziroom.com/z/vr/60452791.html,[通州潞苑] ,1490
莲香园4居室-西卧,//www.ziroom.com/z/vr/60459460.html,[丰台六里桥] 9号线六里桥,2290
天露园一区4居室-北卧,//www.ziroom.com/z/vr/60459583.html,[昌平回龙观] 8号线育知路,1760
林奥嘉园3居室-南卧,//www.ziroom.com/z/vr/60427712.html,[朝阳奥林匹克公园] 5号线立水桥南,3660
望京新城3居室-西南卧,//www.ziroom.com/z/vr/160883.html,[朝阳望京] 15号线望京,2860
卧龙公寓4居室-南卧,//www.ziroom.com/z/vr/135774.html,[顺义顺义城] 15号线石门,1460
鸿顺园西区4居室-南卧,//www.ziroom.com/z/vr/60071119.html,[房山良乡] 房山线良乡大学城西,1560
碧波园3居室-南卧,//www.ziroom.com/z/vr/60270226.html,[房山房山其它] 房山线广阳城,1560
旗舰凯旋一期4居室-东南卧,//www.ziroom.com/z/vr/60094952.html,[通州九棵树家乐福] 八通线九棵树,2030
苹果园小区三区3居室-南卧,//www.ziroom.com/z/vr/209464.html,[石景山苹果园] 1号线苹果园,1590
百荣嘉园3居室-西卧,//www.ziroom.com/z/vr/60451860.html,[东城永定门] 14号线永定门外,1990
格瑞雅居4居室-南卧,//www.ziroom.com/z/vr/60253025.html,[通州果园] 八通线果园,2190
天通苑中苑4居室-南卧,//www.ziroom.com/z/vr/60077636.html,[昌平天通苑] 5号线天通苑,2090
和义西里四区5居室-南卧,//www.ziroom.com/z/vr/60434509.html,[丰台菜户营] ,1530
丰益花园西区3居室-南卧,//www.ziroom.com/z/vr/60116547.html,[丰台丽泽] 10号线泥洼,1830
双兴南区4居室-南卧,//www.ziroom.com/z/vr/118956.html,[顺义顺义城] 15号线顺义,1460
靓景明居4居室-南卧,//www.ziroom.com/z/vr/60071515.html,[通州果园] 八通线果园,1960
华业东方玫瑰C区3居室-南卧,//www.ziroom.com/z/vr/60299574.html,[通州临河里] 八通线临河里,1830
清欣园甲区4居室-西卧,//www.ziroom.com/z/vr/60438661.html,[大兴旧宫] 亦庄线旧宫,1690
首邑上城4居室-北卧,//www.ziroom.com/z/vr/60463144.html,[大兴黄村] 4号线枣园,1690
兴华园4居室-北卧,//www.ziroom.com/z/vr/208417.html,[大兴黄村] 4号线清源路,1490
精图雅苑4居室-南卧,//www.ziroom.com/z/vr/60450227.html,[丰台六里桥] 9号线六里桥东,3030
前进花园石门苑3居室-南卧,//www.ziroom.com/z/vr/60434655.html,[顺义顺义城] 15号线石门,1760
城锦苑3居室-南卧,//www.ziroom.com/z/vr/60439760.html,[朝阳北苑] 5号线北苑路北,2590
城锦苑3居室-南卧,//www.ziroom.com/z/vr/60450806.html,[朝阳北苑] 5号线北苑路北,2290
双裕小区3居室-南卧,//www.ziroom.com/z/vr/60419994.html,[顺义后沙峪] 15号线后沙峪,1530
丝竹园小区3居室-南卧,//www.ziroom.com/z/vr/60450206.html,[朝阳健翔桥] 8号线奥体中心,3090
北街家园七区4居室-南卧,//www.ziroom.com/z/vr/60103337.html,[昌平回龙观] 昌平线沙河高教园,1630
天通西苑二区4居室-北卧,//www.ziroom.com/z/vr/60443710.html,[昌平天通苑] 5号线天通苑,2290
燕清源3居室-南卧,//www.ziroom.com/z/vr/60168616.html,[海淀上地] 8号线永泰庄,3430
珠江逸景3居室-南卧,//www.ziroom.com/z/vr/60462673.html,[通州马驹桥] ,1260
新康园3居室-南卧,//www.ziroom.com/z/vr/165288.html,[海淀西三旗] 8号线育新,2260
方庄南路18号院3居室-南卧,//www.ziroom.com/z/vr/60453737.html,[丰台方庄] 10号线成寿寺,2360
朱辛庄南区4居室-南卧,//www.ziroom.com/z/vr/60053371.html,[昌平回龙观] 8号线朱辛庄,2190
保利嘉园三号院3居室-南卧,//www.ziroom.com/z/vr/60403275.html,[朝阳朝青] 6号线常营,2490
名流花园5居室-南卧,//www.ziroom.com/z/vr/60135571.html,[昌平北七家] 5号线天通苑北,1660
樱花园三区5居室-南卧,//www.ziroom.com/z/vr/60459501.html,[顺义李桥] ,1490
前进花园石门苑3居室-南卧,//www.ziroom.com/z/vr/60461336.html,[顺义顺义城] 15号线石门,1690
西马庄园3居室-南卧,//www.ziroom.com/z/vr/60453712.html,[通州通州北苑] 八通线通州北苑,1460
龙腾苑四区3居室-南卧,//www.ziroom.com/z/vr/60062404.html,[昌平回龙观] 13号线回龙观,2530
顶秀金瑞家园3居室-南卧,//www.ziroom.com/z/vr/194022.html,[丰台宋家庄] 10号线宋家庄,2190
铁西小区3居室-北卧,//www.ziroom.com/z/vr/60431641.html,[海淀军博] 7号线北京西站,2560
新华联锦园4居室-南卧,//www.ziroom.com/z/vr/60262452.html,[通州通州北苑] 八通线通州北苑,1930
育新花园3居室-南卧,//www.ziroom.com/z/vr/60467073.html,[海淀西三旗] 8号线育新,2190
北街家园七区3居室-南卧,//www.ziroom.com/z/vr/60396650.html,[昌平回龙观] 昌平线沙河高教园,1490
合立方3居室-南卧,//www.ziroom.com/z/vr/60439754.html,[昌平立水桥] 5号线立水桥,2290
东岸4居室-南卧,//www.ziroom.com/z/vr/60448224.html,[朝阳石佛营] 6号线十里堡,3890
天通苑东三区5居室-北卧,//www.ziroom.com/z/vr/60455699.html,[昌平天通苑] 5号线天通苑,1690
静安里2居室-南卧,//www.ziroom.com/z/vr/268624.html,[朝阳国展] 10号线三元桥,2730
幸福东区2居室-南卧,//www.ziroom.com/z/vr/60038287.html,[顺义顺义城] 15号线顺义,1690
林奥嘉园4居室-南卧,//www.ziroom.com/z/vr/60433804.html,[朝阳奥林匹克公园] 5号线立水桥南,2460
风雅园二区3居室-南卧,//www.ziroom.com/z/vr/60455186.html,[昌平回龙观] 8号线育知路,1890
石油大院2居室-南卧,//www.ziroom.com/z/vr/166122.html,[海淀二里庄] 15号线北沙滩,2760
裕龙一区4居室-南卧,//www.ziroom.com/z/vr/60273992.html,[顺义顺义城] 15号线顺义,1460
裕龙西区4居室-北卧,//www.ziroom.com/z/vr/60383092.html,[顺义顺义城] 15号线顺义,1560
左右坊3居室-南卧,//www.ziroom.com/z/vr/60439525.html,[丰台马家堡] 10号线角门西,2360
兴涛社区4居室-北卧,//www.ziroom.com/z/vr/60460026.html,[大兴黄村北] 4号线高米店南,1690
民安小区东扬威街3居室-南卧,//www.ziroom.com/z/vr/60461462.html,[东城东直门] 机场线东直门,3160
花家地西里三区4居室-南卧,//www.ziroom.com/z/vr/60463294.html,[朝阳望京] 15号线望京西,3630
三环新城7号院3居室-南卧,//www.ziroom.com/z/vr/60463922.html,[丰台玉泉营] 10号线丰台站,2560
龙兴园中区4居室-南卧,//www.ziroom.com/z/vr/60430854.html,[昌平西二旗] 13号线龙泽,1730
樱花园一区5居室-北卧,//www.ziroom.com/z/vr/60435460.html,[顺义李桥] ,1360
都景苑3居室-东卧,//www.ziroom.com/z/vr/60430570.html,[海淀牡丹园] 10号线健德门,2730
虎坊路小区3居室-东卧,//www.ziroom.com/z/vr/60460627.html,[西城宣武门] 7号线虎坊桥,2660
样本5居室-南卧,//www.ziroom.com/z/vr/268728.html,[亦庄开发区马驹桥] ,69
百旺茉莉园2居室-南卧,//www.ziroom.com/z/vr/60171949.html,[海淀西北旺] 16号线西北旺,3390
双裕花园东区3居室-北卧,//www.ziroom.com/z/vr/60449015.html,[顺义后沙峪] 15号线后沙峪,1790
富强西里3居室-南卧,//www.ziroom.com/z/vr/60456698.html,[大兴黄村中] 4号线清源路,1590
润枫欣尚3居室-南卧,//www.ziroom.com/z/vr/60422015.html,[昌平立水桥] 5号线立水桥,2560
宏源公寓3居室-北卧,//www.ziroom.com/z/vr/60460680.html,[朝阳大山子] 14号线望京南,3990
建功北里2居室-东卧,//www.ziroom.com/z/vr/130940.html,[西城白纸坊] 7号线广安门内,2890
龙兴园北区4居室-南卧,//www.ziroom.com/z/vr/60337836.html,[昌平龙泽] 13号线龙泽,2490
豆各庄小区4居室-南卧,//www.ziroom.com/z/vr/60268689.html,[昌平回龙观] 8号线朱辛庄,1860
天通苑东一区3居室-南卧,//www.ziroom.com/z/vr/60180373.html,[昌平天通苑] 5号线天通苑南,2260
林奥嘉园3居室-南卧,//www.ziroom.com/z/vr/60449184.html,[朝阳奥林匹克公园] 5号线立水桥南,2460
北店嘉园3居室-南卧,//www.ziroom.com/z/vr/60405332.html,[昌平回龙观] 8号线育知路,2390
