中建国际港2居室-南,//www.ziroom.com/z/vr/60466409.html,[大兴西红门] 4号线枣园,5290
住总万科橙2居室-南,//www.ziroom.com/z/vr/60469952.html,[大兴黄村] 4号线生物医药基地,3900
新源时代1居室-南北,//www.ziroom.com/z/vr/60468680.html,[大兴大兴其它] 4号线生物医药基地,3390
新里.西斯莱公馆1居室-南,//www.ziroom.com/z/vr/60469111.html,[大兴黄村] 4号线高米店南,5190
京贸国际城西区2居室-南,//www.ziroom.com/z/vr/60439106.html,[通州武夷花园] 6号线通运门,3800
强佑清河新城2居室-南北,//www.ziroom.com/z/vr/211383.html,[海淀上地] 8号线永泰庄,259
晨光小区2居室-南北,//www.ziroom.com/z/vr/60465769.html,[丰台角门] 4号线马家堡,5460
中环南路5号院2居室-南,//www.ziroom.com/z/vr/60455024.html,[朝阳望京] 14号线望京南,6330
瞰都国际2居室-南,//www.ziroom.com/z/vr/60469137.html,[朝阳酒仙桥] 14号线东风北桥,10090
通惠家园2居室-西南,//www.ziroom.com/z/vr/60458745.html,[朝阳四惠] 八通线四惠东,6990
金隅万科城2居室-西南,//www.ziroom.com/z/vr/60414836.html,[昌平昌平其它] 昌平线昌平站,4600
新奥洋房1居室-南,//www.ziroom.com/z/vr/60457120.html,[东城永定门] 14号线景泰,5160
金融街融汇2居室-南北,//www.ziroom.com/z/vr/60466341.html,[大兴天宫院] 4号线天宫院,3890
武夷花园牡丹园2居室-南,//www.ziroom.com/z/vr/60460818.html,[通州武夷花园] 6号线北运河东,3990
DBC加州小镇2居室-南,//www.ziroom.com/z/vr/60116526.html,[通州临河里] 八通线土桥,3920
右外东庄1居室-南,//www.ziroom.com/z/vr/60460062.html,[丰台北京南站] 14号线北京南站,4390
太平桥东里2居室-南北,//www.ziroom.com/z/vr/60468320.html,[丰台太平桥] 9号线六里桥东,5500
温榆风格1居室-南,//www.ziroom.com/z/vr/60468085.html,[通州北关] 6号线物资学院路,4100
合生滨江帝景一期2居室-南,//www.ziroom.com/z/vr/60463871.html,[通州玉桥] 6号线北运河西,4690
金地朗悦沁园2居室-南北,//www.ziroom.com/z/vr/60465743.html,[房山良乡] 房山线良乡大学城北,3860
亚奥观典1居室-南,//www.ziroom.com/z/vr/60467422.html,[朝阳亚运村] 15号线安立路,5830
澳洲康都1居室-南,//www.ziroom.com/z/vr/60415892.html,[朝阳望京] 14号线东湖渠,7330
富力金禧花园2居室-东南,//www.ziroom.com/z/vr/60466618.html,[通州新华大街] 八通线果园,5760
西坝河西里2居室-南北,//www.ziroom.com/z/vr/60458857.html,[朝阳西坝河] 13号线光熙门,6380
融科橄榄城一期2居室-南,//www.ziroom.com/z/vr/60435831.html,[朝阳望京] 15号线望京东,12000
珠江罗马嘉园西区1居室-南,//www.ziroom.com/z/vr/60467086.html,[朝阳朝青] 6号线青年路,6490
模式口南里2居室-南北,//www.ziroom.com/z/vr/60471889.html,[石景山苹果园] 1号线苹果园,3960
团结湖北头条1居室-南,//www.ziroom.com/z/vr/60076552.html,[朝阳团结湖] 10号线团结湖,5090
京贸国际城西区2居室-南,//www.ziroom.com/z/vr/60450618.html,[通州武夷花园] 6号线通运门,4000
二里庄小区2居室-南北,//www.ziroom.com/z/vr/60466181.html,[海淀二里庄] 15号线北沙滩,6490
天鸿美域2居室-南北,//www.ziroom.com/z/vr/60439535.html,[丰台青塔] 14号线郭庄子,6500
珠江罗马嘉园西区1居室-南,//www.ziroom.com/z/vr/60458258.html,[朝阳朝青] 6号线青年路,6530
通惠家园2居室-东,//www.ziroom.com/z/vr/60462780.html,[朝阳四惠] 八通线四惠东,6990
首开国风美唐二期2居室-南北,//www.ziroom.com/z/vr/211989.html,[昌平霍营] 8号线回龙观东大街,6590
静淑苑2居室-西南,//www.ziroom.com/z/vr/60458640.html,[海淀学院路] 15号线六道口,7030
雅丽世居2居室-南北,//www.ziroom.com/z/vr/60444014.html,[通州果园] 八通线果园,5180
西坝河北里1居室-南,//www.ziroom.com/z/vr/60451608.html,[朝阳西坝河] 13号线光熙门,5660
8哩岛2居室-南,//www.ziroom.com/z/vr/60461158.html,[通州北关] 6号线物资学院路,5330
玉林东里三区2居室-南北,//www.ziroom.com/z/vr/60454614.html,[丰台右安门外] 4号线北京南站,5190
金港国际2居室-西北,//www.ziroom.com/z/vr/60450950.html,[朝阳大望路] 14号线九龙山,8660
石佛营西里小区2居室-南,//www.ziroom.com/z/vr/60464398.html,[朝阳石佛营] 6号线十里堡,5790
周庄嘉园三期1居室-南,//www.ziroom.com/z/vr/60465610.html,[朝阳潘家园] 14号线北工大西门,4730
8哩岛2居室-南,//www.ziroom.com/z/vr/60451023.html,[通州北关] 6号线物资学院路,5230
天翠园2居室-南,//www.ziroom.com/z/vr/60446118.html,[朝阳奥林匹克公园] 5号线立水桥南,8500
珠江丽景家园1居室-南,//www.ziroom.com/z/vr/60461080.html,[通州通州其它] 6号线通州北关,3630
首开常青藤四期2居室-南,//www.ziroom.com/z/vr/60462263.html,[朝阳东坝] ,6690
北京新天地1居室-东南,//www.ziroom.com/z/vr/60352596.html,[朝阳常营] 八通线管庄,5530
新康园2居室-南北,//www.ziroom.com/z/vr/60460497.html,[海淀西三旗] 8号线育新,5690
gogo新世代1居室-西,//www.ziroom.com/z/vr/60467372.html,[丰台方庄] 5号线蒲黄榆,5400
保利茉莉公馆2居室-南北,//www.ziroom.com/z/vr/60462917.html,[大兴黄村] 4号线高米店北,6390
京投银泰万科西华府2居室-南,//www.ziroom.com/z/vr/60462125.html,[丰台科技园区] 9号线郭公庄,5650
盛和家园2居室-南,//www.ziroom.com/z/vr/211110.html,[朝阳亚运村] 5号线惠新西街北口,319
林奥嘉园1居室-东,//www.ziroom.com/z/vr/60407039.html,[朝阳奥林匹克公园] 5号线立水桥南,6590
世纪星城三期2居室-南北,//www.ziroom.com/z/vr/60456046.html,[通州果园] 八通线通州北苑,5160
鸿坤理想城礼域府2居室-南,//www.ziroom.com/z/vr/60460223.html,[大兴西红门] 4号线西红门,6200
恒大幸福家园2居室-南北,//www.ziroom.com/z/vr/60465455.html,[昌平沙河] 昌平线沙河高教园,3740
gogo新世代1居室-西,//www.ziroom.com/z/vr/60468664.html,[丰台方庄] 5号线蒲黄榆,5200
运河湾2居室-南,//www.ziroom.com/z/vr/60456984.html,[通州武夷花园] 6号线北运河西,5000
金隅丽港城2居室-北,//www.ziroom.com/z/vr/60464886.html,[朝阳望京] 14号线阜通,8690
新景家园东区1居室-南,//www.ziroom.com/z/vr/60464943.html,[东城崇文门] 2号线崇文门,6830
五芳园1居室-南,//www.ziroom.com/z/vr/60455416.html,[石景山鲁谷] 1号线八宝山,4090
沿海赛洛城2居室-南,//www.ziroom.com/z/vr/60253423.html,[朝阳百子湾] 7号线百子湾,7520
中国铁建广场1居室-北,//www.ziroom.com/z/vr/60442389.html,[朝阳北苑] 13号线北苑,4460
苹果社区南区2居室-北,//www.ziroom.com/z/vr/60467691.html,[朝阳双井] 10号线双井,10390
恒大幸福家园2居室-南北,//www.ziroom.com/z/vr/60461289.html,[昌平沙河] 昌平线沙河高教园,3650
恒大幸福家园2居室-南北,//www.ziroom.com/z/vr/60461290.html,[昌平沙河] 昌平线沙河高教园,3650
恒大幸福家园2居室-南北,//www.ziroom.com/z/vr/60463047.html,[昌平沙河] 昌平线沙河高教园,3650
gogo新世代1居室-东,//www.ziroom.com/z/vr/60461762.html,[丰台方庄] 5号线蒲黄榆,4590
新永外文化用品商城1居室-北,//www.ziroom.com/z/vr/60464837.html,[东城西罗园] 14号线永定门外,4290
梨园东里2居室-南北,//www.ziroom.com/z/vr/60082164.html,[通州玉桥] 八通线临河里,3360
红木林2居室-南,//www.ziroom.com/z/vr/60450888.html,[大兴黄村] 4号线枣园,5000
8哩岛2居室-南,//www.ziroom.com/z/vr/60457983.html,[通州北关] 6号线物资学院路,5390
东潞苑2居室-南北,//www.ziroom.com/z/vr/60458473.html,[通州潞苑] 6号线通州北关,3560
融科钧廷3居室-南北,//www.ziroom.com/z/vr/231948.html,[通州马驹桥] ,159
龙锦苑四区2居室-南北,//www.ziroom.com/z/vr/60436997.html,[昌平霍营] 8号线平西府,4750
恒大幸福家园7号院2居室-南,//www.ziroom.com/z/vr/60461303.html,[昌平沙河] 昌平线沙河高教园,3690
恒大幸福家园7号院2居室-南北,//www.ziroom.com/z/vr/60464851.html,[昌平沙河] 昌平线沙河高教园,3720
双裕小区2居室-南北,//www.ziroom.com/z/vr/60456268.html,[顺义后沙峪] 15号线后沙峪,4530
金隅丽景园1居室-南,//www.ziroom.com/z/vr/60112739.html,[朝阳常营] 6号线草房,4390
荣丰20081居室-南,//www.ziroom.com/z/vr/60463341.html,[西城广安门] 7号线达官营,5390
柏林爱乐四期1居室-东,//www.ziroom.com/z/vr/60464174.html,[朝阳常营] 6号线黄渠,5360
荣上居1居室-东,//www.ziroom.com/z/vr/60450917.html,[海淀中关村] 10号线知春路,6490
翠微中里2居室-东,//www.ziroom.com/z/vr/60432331.html,[海淀公主坟] 1号线万寿路,5520
滨河小区2居室-南北,//www.ziroom.com/z/vr/60349211.html,[顺义顺义城] 15号线俸伯,3020
格调2居室-西北,//www.ziroom.com/z/vr/60453168.html,[西城马连道] 7号线湾子,9160
石园西区2居室-南,//www.ziroom.com/z/vr/60449289.html,[顺义顺义城] 15号线顺义,3290
温榆风格2居室-南北,//www.ziroom.com/z/vr/60464494.html,[通州北关] 6号线物资学院路,5200
K2清水湾2居室-西南,//www.ziroom.com/z/vr/60430131.html,[通州潞苑] 6号线通州北关,4600
中国铁建通瑞嘉苑2居室-南北,//www.ziroom.com/z/vr/60443443.html,[通州潞苑] ,3720
芳古园一区2居室-南北,//www.ziroom.com/z/vr/60113361.html,[丰台方庄] 5号线蒲黄榆,5590
康泉小区2居室-南,//www.ziroom.com/z/vr/60466484.html,[朝阳双桥] 八通线八里桥,5090
巴克摩界2居室-南,//www.ziroom.com/z/vr/60466981.html,[通州果园] 八通线果园,4760
中广宜景湾2居室-南,//www.ziroom.com/z/vr/60457909.html,[朝阳望京] 15号线望京西,9390
润泽悦溪2居室-南北,//www.ziroom.com/z/vr/60462362.html,[朝阳北苑] 13号线北苑,7390
西直门南大街1居室-东,//www.ziroom.com/z/vr/60471380.html,[西城西直门] 2号线车公庄,6290
润枫水尚2居室-南北,//www.ziroom.com/z/vr/60094838.html,[朝阳朝青] 6号线青年路,9020
莲花池东路9号院2居室-西,//www.ziroom.com/z/vr/60455125.html,[海淀军博] 7号线达官营,6200
梨花园1居室-南北,//www.ziroom.com/z/vr/60443049.html,[通州玉桥] 八通线梨园,3490
车站北里2居室-南北,//www.ziroom.com/z/vr/60428381.html,[大兴黄村] 4号线黄村火车站,3590
烟厂宿舍2居室-南北,//www.ziroom.com/z/vr/60406044.html,[朝阳定福庄] 八通线双桥,4520
爱这城三期2居室-南,//www.ziroom.com/z/vr/60094944.html,[朝阳四惠] 八通线四惠东,9260
水关新村2居室-南,//www.ziroom.com/z/vr/60454701.html,[昌平昌平其它] 昌平线昌平 ,3090
石油大院2居室-东西,//www.ziroom.com/z/vr/60459019.html,[海淀二里庄] 15号线北沙滩,6750
东风苑小区2居室-南,//www.ziroom.com/z/vr/60430924.html,[朝阳石佛营] 6号线十里堡,7290
三合南里2居室-南北,//www.ziroom.com/z/vr/60450817.html,[大兴黄村] 4号线黄村西大街,3720
外企公寓2居室-南北,//www.ziroom.com/z/vr/60446313.html,[朝阳大望路] 7号线九龙山,11990
外企公寓2居室-南北,//www.ziroom.com/z/vr/60446314.html,[朝阳大望路] 7号线九龙山,11990
建新北区2居室-南北,//www.ziroom.com/z/vr/60434502.html,[顺义顺义城] 15号线顺义,3490
建新北区2居室-南北,//www.ziroom.com/z/vr/60435810.html,[顺义顺义城] 15号线顺义,3590
建新北区2居室-南北,//www.ziroom.com/z/vr/60449331.html,[顺义顺义城] 15号线顺义,3490
滨河小区1居室-南,//www.ziroom.com/z/vr/60445349.html,[顺义顺义城] 15号线俸伯,2930
花家地西里一区2居室-东,//www.ziroom.com/z/vr/60434576.html,[朝阳望京] 14号线阜通,6220
畅清园2居室-南北,//www.ziroom.com/z/vr/60413582.html,[朝阳奥林匹克公园] 8号线林萃桥,6590
方恒东景1居室-东,//www.ziroom.com/z/vr/60447077.html,[通州梨园] 八通线土桥,3390
建新北区2居室-南北,//www.ziroom.com/z/vr/60444069.html,[顺义顺义城] 15号线顺义,3690
建新北区2居室-南北,//www.ziroom.com/z/vr/60447609.html,[顺义顺义城] 15号线顺义,3690
西辛北区2居室-南北,//www.ziroom.com/z/vr/60459553.html,[顺义顺义城] 15号线石门,3690
西辛北区2居室-南北,//www.ziroom.com/z/vr/60459554.html,[顺义顺义城] 15号线石门,3690
管庄新村2居室-南,//www.ziroom.com/z/vr/60453571.html,[朝阳双桥] 八通线管庄,4960
北沙滩1号院2居室-南,//www.ziroom.com/z/vr/60116853.html,[朝阳南沙滩] 15号线北沙滩,6020
首开国风美唐综合楼1居室-南,//www.ziroom.com/z/vr/60366264.html,[昌平回龙观] 8号线霍营,4960
邓家窑2居室-南,//www.ziroom.com/z/vr/60460741.html,[通州北关] 6号线物资学院路,5190
石园北区1居室-南北,//www.ziroom.com/z/vr/60433602.html,[顺义顺义城] 15号线顺义,3230
前泥洼小区2居室-南北,//www.ziroom.com/z/vr/60448509.html,[丰台北大地] 10号线泥洼,5250
海棠湾二期2居室-东,//www.ziroom.com/z/vr/60467216.html,[通州梨园] 八通线临河里,4530
东风苑小区2居室-南北,//www.ziroom.com/z/vr/60432376.html,[朝阳石佛营] 6号线十里堡,7290
黄村西里2居室-南北,//www.ziroom.com/z/vr/60451800.html,[大兴黄村] 4号线黄村西大街,3790
百旺新城1居室-南,//www.ziroom.com/z/vr/60463773.html,[海淀西北旺] 16号线西北旺,4990
爱这城三期2居室-南,//www.ziroom.com/z/vr/60085132.html,[朝阳四惠] 1号线四惠东,9190
金地仰山2居室-东,//www.ziroom.com/z/vr/60445079.html,[大兴黄村] 4号线高米店南,5190
邓家窑2居室-南北,//www.ziroom.com/z/vr/60449082.html,[通州北关] 6号线物资学院路,5360
北郊农场宿舍2居室-南北,//www.ziroom.com/z/vr/60457515.html,[昌平回龙观] 13号线龙泽,5290
MASTER领域2居室-南,//www.ziroom.com/z/vr/60462752.html,[朝阳国展] 13号线柳芳,9390
红山世家2居室-南,//www.ziroom.com/z/vr/60464873.html,[西城广安门] 7号线达官营,9390
建新北区2居室-南,//www.ziroom.com/z/vr/60359340.html,[顺义顺义城] 15号线顺义,3420
建新北区2居室-南北,//www.ziroom.com/z/vr/60386731.html,[顺义顺义城] 15号线顺义,3520
西大望路12号院2居室-南北,//www.ziroom.com/z/vr/60104372.html,[朝阳大望路] 1号线大望路,6460
中信新城东区2居室-东,//www.ziroom.com/z/vr/60410395.html,[亦庄开发区亦庄开发区其它] 亦庄线亦庄桥,4820
首开国风美唐一期1居室-东,//www.ziroom.com/z/vr/60295684.html,[昌平回龙观] 8号线回龙观东大街,4560
恬心家园1居室-北,//www.ziroom.com/z/vr/60460511.html,[西城右安门内] 7号线广安门内,5260
保利百合2居室-南北,//www.ziroom.com/z/vr/60461193.html,[丰台丽泽] 9号线六里桥,7330
慧华苑2居室-南北,//www.ziroom.com/z/vr/60212774.html,[昌平回龙观] 13号线龙泽,5520
马相西巷1居室-东,//www.ziroom.com/z/vr/60458659.html,[西城西直门] 13号线西直门,6190
金世纪嘉园1居室-南,//www.ziroom.com/z/vr/60115030.html,[东城广渠门] 7号线广渠门外,5260
今典花园2居室-东,//www.ziroom.com/z/vr/60403436.html,[海淀小西天] 2号线积水潭,7990
星河城东区2居室-东,//www.ziroom.com/z/vr/60297221.html,[丰台马家堡] 4号线公益西桥,6860
广安门北街2居室-东西,//www.ziroom.com/z/vr/60464222.html,[西城长椿街] 7号线广安门内,6730
首城国际2居室-南北,//www.ziroom.com/z/vr/60463014.html,[朝阳双井] 10号线劲松,9390
国美第一城3号院1居室-东北,//www.ziroom.com/z/vr/60463595.html,[朝阳朝青] 6号线青年路,5990
金星园2居室-南,//www.ziroom.com/z/vr/60460355.html,[朝阳三元桥] 10号线三元桥,11790
天泰苑A8区1居室-南,//www.ziroom.com/z/vr/150724.html,[朝阳定福庄] 6号线褡裢坡,189
裕中东里2居室-南,//www.ziroom.com/z/vr/60123257.html,[西城马甸] 8号线安华桥,6660
黄村西里2居室-南北,//www.ziroom.com/z/vr/60455353.html,[大兴黄村] 4号线黄村西大街,3660
建新北区2居室-南北,//www.ziroom.com/z/vr/60442430.html,[顺义顺义城] 15号线顺义,3860
贵园北里戊区1居室-南,//www.ziroom.com/z/vr/60453836.html,[亦庄开发区亦庄] 亦庄线亦庄桥,3990
新通国际花园2居室-东西,//www.ziroom.com/z/vr/60464530.html,[通州玉桥] 八通线梨园,4800
中国铁建青秀尚城2居室-南北,//www.ziroom.com/z/vr/60428461.html,[昌平南邵] 昌平线南邵,3800
融科橄榄城一期2居室-南,//www.ziroom.com/z/vr/60427790.html,[朝阳望京] 15号线望京东,11660
晓月新城2居室-南,//www.ziroom.com/z/vr/60152818.html,[丰台卢沟桥] ,4260
溪山嘉园2居室-南北,//www.ziroom.com/z/vr/60462030.html,[海淀西山] ,6930
DBC加州小镇1居室-南,//www.ziroom.com/z/vr/60464195.html,[通州临河里] 八通线土桥,2890
新建村2居室-南,//www.ziroom.com/z/vr/60462649.html,[通州北关] 6号线物资学院路,5260
柳芳北里2居室-南,//www.ziroom.com/z/vr/60111195.html,[朝阳国展] 13号线柳芳,6350
恒大幸福家园7号院2居室-西南,//www.ziroom.com/z/vr/60461274.html,[昌平沙河] 昌平线沙河高教园,3680
鸿坤理想城礼域府2居室-东,//www.ziroom.com/z/vr/60416833.html,[大兴西红门] 4号线西红门,5720
南平里2居室-南,//www.ziroom.com/z/vr/60442104.html,[朝阳首都机场] ,4150
乐成国际2居室-南北,//www.ziroom.com/z/vr/60349528.html,[朝阳双井] 7号线九龙山,13080
菊园2居室-南,//www.ziroom.com/z/vr/60437776.html,[海淀马连洼] 16号线马连洼,5890
鸿坤理想城礼域府2居室-东西,//www.ziroom.com/z/vr/60429845.html,[大兴西红门] 4号线西红门,5900
鸿坤理想城礼域府2居室-东西,//www.ziroom.com/z/vr/60429846.html,[大兴西红门] 4号线西红门,5900
高巢1居室-南,//www.ziroom.com/z/vr/60461751.html,[海淀清河] 8号线永泰庄,5190
管庄西里2居室-南,//www.ziroom.com/z/vr/60461297.html,[朝阳管庄] 八通线双桥,4360
富卓苑2居室-南,//www.ziroom.com/z/vr/60440170.html,[丰台马家堡] 4号线公益西桥,5480
芳古园一区2居室-南北,//www.ziroom.com/z/vr/60461499.html,[丰台方庄] 5号线蒲黄榆,5760
金福苑1居室-南,//www.ziroom.com/z/vr/60272929.html,[石景山苹果园] 1号线苹果园,3690
K2清水湾2居室-西南,//www.ziroom.com/z/vr/60452588.html,[通州潞苑] 6号线通州北关,5000
中国铁建通瑞嘉苑1居室-南,//www.ziroom.com/z/vr/60423213.html,[通州潞苑] ,3190
宣武门西大街2居室-南,//www.ziroom.com/z/vr/60179427.html,[西城长椿街] 2号线长椿街,7690
角门东里2居室-南,//www.ziroom.com/z/vr/60461034.html,[丰台角门] 10号线角门东,5230
八里庄东里2居室-南北,//www.ziroom.com/z/vr/60032989.html,[朝阳四惠] 八通线四惠,5560
荟康苑2居室-南北,//www.ziroom.com/z/vr/60453186.html,[朝阳定福庄] 6号线黄渠,5460
李村南里2居室-南,//www.ziroom.com/z/vr/60462204.html,[东城天坛] 14号线景泰,5560
松榆西里1居室-南,//www.ziroom.com/z/vr/60124495.html,[朝阳潘家园] 10号线潘家园,4860
福溪家园1居室-南,//www.ziroom.com/z/vr/60458540.html,[海淀海淀北部新区] ,3790
肖家河新村东区2居室-南,//www.ziroom.com/z/vr/60395596.html,[海淀马连洼] 16号线农大南路,5890
焦各庄街2号院1居室-南,//www.ziroom.com/z/vr/60192443.html,[顺义顺义其它] 15号线南法信,2960
恩济里小区2居室-南北,//www.ziroom.com/z/vr/60456937.html,[海淀定慧寺] 6号线海淀五路居,6290
CBD传奇1居室-北,//www.ziroom.com/z/vr/60463657.html,[朝阳劲松] 14号线九龙山,4860
首开熙悦睿府书香1居室-东,//www.ziroom.com/z/vr/60340419.html,[房山良乡] 房山线良乡大学城,2390
大西洋新城A区2居室-南,//www.ziroom.com/z/vr/60451409.html,[朝阳望京] 14号线阜通,9660
橡树湾1居室-南,//www.ziroom.com/z/vr/60437920.html,[海淀上地] 13号线上地,5990
茗筑2居室-东,//www.ziroom.com/z/vr/60426063.html,[西城马连道] 9号线六里桥东,6860
顺驰领海2居室-南北,//www.ziroom.com/z/vr/245230.html,[大兴西红门] 4号线高米店北,4990
肖家河新村东区2居室-南北,//www.ziroom.com/z/vr/60395591.html,[海淀马连洼] 16号线农大南路,6120
安慧里二区2居室-南,//www.ziroom.com/z/vr/60125185.html,[朝阳亚运村] 5号线惠新西街北口,6380
石油大院2居室-南北,//www.ziroom.com/z/vr/60060703.html,[海淀二里庄] 15号线北沙滩,6790
松榆里2居室-南,//www.ziroom.com/z/vr/60190648.html,[朝阳北工大] 14号线北工大西门,5650
新华街八里2居室-东,//www.ziroom.com/z/vr/60436018.html,[丰台看丹桥] 9号线丰台南路,5460
时尚街区西区2居室-西,//www.ziroom.com/z/vr/60445434.html,[通州梨园] 八通线梨园,4490
广泉小区2居室-南,//www.ziroom.com/z/vr/254982.html,[朝阳劲松] 10号线双井,7950
泰华滨河苑2居室-南北,//www.ziroom.com/z/vr/60455265.html,[朝阳酒仙桥] 14号线东风北桥,8790
广安门北街2居室-北,//www.ziroom.com/z/vr/60451341.html,[西城长椿街] 7号线广安门内,6290
三建宿舍2居室-南北,//www.ziroom.com/z/vr/65708.html,[海淀二里庄] 15号线北沙滩,5980
DBC加州小镇C区2居室-南北,//www.ziroom.com/z/vr/246284.html,[通州临河里] 八通线土桥,159
太平桥东里2居室-南北,//www.ziroom.com/z/vr/60453078.html,[丰台太平桥] 9号线六里桥东,5860
国兴城2居室-南北,//www.ziroom.com/z/vr/60061566.html,[顺义望京] 15号线后沙峪,5020
南太平庄北巷1居室-南,//www.ziroom.com/z/vr/60442275.html,[朝阳高碑店] 八通线高碑店,4130
马连洼1号院2居室-南北,//www.ziroom.com/z/vr/60459880.html,[海淀马连洼] 13号线上地,6290
清逸园1居室-南,//www.ziroom.com/z/vr/60461422.html,[大兴旧宫] 亦庄线旧宫,3390
双旗杆东里2居室-南北,//www.ziroom.com/z/vr/247590.html,[西城六铺炕] 8号线安华桥,6360
安慧里一区2居室-南,//www.ziroom.com/z/vr/60452815.html,[朝阳亚运村] 5号线惠新西街北口,6590
首开熙悦睿府书香1居室-东,//www.ziroom.com/z/vr/60347993.html,[房山良乡] 房山线良乡大学城,2630
观澳园1居室-西,//www.ziroom.com/z/vr/60463258.html,[海淀清河] 8号线林萃桥,4890
皂君东里2居室-南北,//www.ziroom.com/z/vr/60458942.html,[海淀皂君庙] 4号线魏公村,6730
K2清水湾2居室-南,//www.ziroom.com/z/vr/60468863.html,[通州潞苑] 6号线通州北关,4900
合生滨江帝景二期2居室-南,//www.ziroom.com/z/vr/60363414.html,[通州玉桥] 6号线北运河西,4960
核桃园2居室-南北,//www.ziroom.com/z/vr/60413824.html,[西城长椿街] 7号线广安门内,5800
宝星国际二期2居室-北,//www.ziroom.com/z/vr/273258.html,[朝阳望京] 15号线望京东,8780
首开智慧社2居室-东,//www.ziroom.com/z/vr/60429160.html,[昌平回龙观] 13号线回龙观,6990
水利局小区2居室-南北,//www.ziroom.com/z/vr/60441473.html,[海淀马连洼] 16号线马连洼,6080
保利春天里一区2居室-南,//www.ziroom.com/z/vr/60399821.html,[大兴黄村] 4号线天宫院,4060
芳园南里2居室-南,//www.ziroom.com/z/vr/60452980.html,[朝阳酒仙桥] 14号线将台,6190
嘉园二里2居室-东西,//www.ziroom.com/z/vr/60410482.html,[丰台马家堡] 10号线角门西,5360
8哩岛2居室-西,//www.ziroom.com/z/vr/60453375.html,[通州北关] 6号线物资学院路,5290
道家园2居室-南北,//www.ziroom.com/z/vr/60253410.html,[朝阳甜水园] 6号线金台路,5850
芳园里2居室-南,//www.ziroom.com/z/vr/60453636.html,[朝阳酒仙桥] 14号线将台,6290
牛街东里1居室-南,//www.ziroom.com/z/vr/60455386.html,[西城牛街] 7号线菜市口,5230
牡丹园东里2居室-南北,//www.ziroom.com/z/vr/251960.html,[海淀牡丹园] 10号线健德门,6850
东风苑小区2居室-西南,//www.ziroom.com/z/vr/60431683.html,[朝阳石佛营] 6号线十里堡,7290
晓月苑五里1居室-南,//www.ziroom.com/z/vr/60458078.html,[丰台卢沟桥] ,3630
合顺家园2居室-西南,//www.ziroom.com/z/vr/60441771.html,[丰台新宫] 4号线新宫,5000
海淀路小区2居室-东西,//www.ziroom.com/z/vr/60411843.html,[海淀圆明园] 4号线中关村,6950
远见国际公寓1居室-南,//www.ziroom.com/z/vr/60460197.html,[西城广安门] 7号线达官营,5090
合顺家园1居室-南,//www.ziroom.com/z/vr/60442285.html,[丰台新宫] 4号线新宫,4350
南湖中园一区2居室-南北,//www.ziroom.com/z/vr/60085570.html,[朝阳望京] 14号线望京,7160
铭科苑1居室-南,//www.ziroom.com/z/vr/60452196.html,[海淀西二旗] 13号线西二旗,5290
永泰园2居室-南北,//www.ziroom.com/z/vr/60356873.html,[海淀清河] 8号线永泰庄,5420
铁道科学研究院2居室-南,//www.ziroom.com/z/vr/60457430.html,[海淀西直门] 13号线大钟寺,7530
延静东里1居室-南,//www.ziroom.com/z/vr/60457193.html,[朝阳甜水园] 6号线金台路,6660
二里庄小区2居室-南北,//www.ziroom.com/z/vr/109625.html,[海淀二里庄] 15号线北沙滩,6360
十里堡北里2居室-南,//www.ziroom.com/z/vr/60441631.html,[朝阳十里堡] 6号线十里堡,6060
万年花城新回迁2居室-西,//www.ziroom.com/z/vr/60461488.html,[丰台玉泉营] 10号线丰台站,5090
金台北街1居室-南,//www.ziroom.com/z/vr/60089920.html,[朝阳红庙] 14号线金台路,5360
东岸1居室-东,//www.ziroom.com/z/vr/60292668.html,[朝阳石佛营] 6号线十里堡,6290
车公庄西路35号院1居室-南北,//www.ziroom.com/z/vr/300972.html,[海淀紫竹桥] 6号线花园桥,5360
滨河小区2居室-东,//www.ziroom.com/z/vr/60434178.html,[顺义顺义城] 15号线俸伯,3220
盆儿胡同62号院2居室-南,//www.ziroom.com/z/vr/60448553.html,[西城宣武门] 4号线陶然亭,6380
首都机场南路西里2居室-南北,//www.ziroom.com/z/vr/60454903.html,[朝阳首都机场] ,4230
大山子南里2居室-南北,//www.ziroom.com/z/vr/60178392.html,[朝阳大山子] 14号线望京南,6280
角门13号院2居室-南,//www.ziroom.com/z/vr/60192489.html,[丰台马家堡] 10号线角门西,4660
西坝河东里2居室-南,//www.ziroom.com/z/vr/60434631.html,[朝阳西坝河] 10号线太阳宫,6500
瑞都公园世家南区2居室-南,//www.ziroom.com/z/vr/60450515.html,[通州临河里] 八通线土桥,4190
嘉铭桐城B区2居室-东,//www.ziroom.com/z/vr/60423636.html,[朝阳亚运村小营] 15号线关庄,9190
远洋德邑1居室-西,//www.ziroom.com/z/vr/301458.html,[东城广渠门] 7号线广渠门外,6060
中信新城西区2居室-南,//www.ziroom.com/z/vr/309204.html,[亦庄开发区亦庄] 亦庄线亦庄桥,4460
次渠嘉园1居室-南,//www.ziroom.com/z/vr/60368383.html,[通州通州其它] 亦庄线次渠南,2730
次渠嘉园1居室-南,//www.ziroom.com/z/vr/60368401.html,[通州通州其它] 亦庄线次渠南,2730
次渠嘉园1居室-南,//www.ziroom.com/z/vr/60368429.html,[通州通州其它] 亦庄线次渠南,2730
鸿坤理想城礼域府2居室-南,//www.ziroom.com/z/vr/60193089.html,[大兴西红门] 4号线西红门,5980
万科紫苑2居室-东西,//www.ziroom.com/z/vr/60449868.html,[丰台青塔] 14号线郭庄子,6850
慈云寺2居室-南,//www.ziroom.com/z/vr/199275.html,[朝阳红庙] 14号线大望路,5790
建新北区1居室-南北,//www.ziroom.com/z/vr/60442933.html,[顺义顺义城] 15号线顺义,3190
八里庄北里小区2居室-南北,//www.ziroom.com/z/vr/60457141.html,[朝阳石佛营] 6号线十里堡,5860
城市广场2居室-北,//www.ziroom.com/z/vr/60457619.html,[朝阳十里堡] 6号线十里堡,7360
通典铭居1居室-北,//www.ziroom.com/z/vr/60458920.html,[通州通州北苑] 八通线通州北苑,4290
天宫院小区1居室-东北,//www.ziroom.com/z/vr/60459621.html,[大兴大兴其它] 4号线生物医药基地,3390
融泽嘉园2居室-南北,//www.ziroom.com/z/vr/60085906.html,[昌平西二旗] 13号线龙泽,6390
百合湾2居室-东,//www.ziroom.com/z/vr/60438813.html,[通州武夷花园] 6号线北运河东,4520
西坝河东里2居室-南,//www.ziroom.com/z/vr/60458885.html,[朝阳西坝河] 10号线太阳宫,6490
西坝河东里2居室-南,//www.ziroom.com/z/vr/60458886.html,[朝阳西坝河] 10号线太阳宫,6490
高家园二区2居室-南北,//www.ziroom.com/z/vr/60467733.html,[朝阳酒仙桥] 14号线望京南,6560
瞰都国际1居室-东南,//www.ziroom.com/z/vr/60218482.html,[朝阳酒仙桥] 14号线东风北桥,7390
榆树馆西里2居室-南北,//www.ziroom.com/z/vr/60087004.html,[西城车公庄] 6号线车公庄西,6790
普惠北里2居室-南,//www.ziroom.com/z/vr/60458644.html,[海淀公主坟] 1号线公主坟,5990
八里庄北里小区2居室-南北,//www.ziroom.com/z/vr/60454768.html,[朝阳石佛营] 6号线十里堡,5860
都市心海岸1居室-东,//www.ziroom.com/z/vr/60361390.html,[朝阳望京] 14号线阜通,7290
德胜门西大街64号2居室-南北,//www.ziroom.com/z/vr/60121122.html,[西城新街口] 2号线积水潭,7220
中海城紫鑫阁1居室-北,//www.ziroom.com/z/vr/60101108.html,[朝阳成寿寺] 10号线成寿寺,5130
国美第一城3号院2居室-西,//www.ziroom.com/z/vr/243921.html,[朝阳朝青] 6号线青年路,279
时尚街区东区2居室-东南,//www.ziroom.com/z/vr/60456764.html,[通州梨园] 八通线梨园,4290
西八间北里2居室-南,//www.ziroom.com/z/vr/60452608.html,[朝阳望京] 14号线阜通,6460
红莲南里2居室-南,//www.ziroom.com/z/vr/60461045.html,[西城马连道] 7号线达官营,5490
次渠嘉园2居室-东,//www.ziroom.com/z/vr/60345848.html,[通州通州其它] 亦庄线次渠南,3560
石园西区2居室-东,//www.ziroom.com/z/vr/60420334.html,[顺义顺义城] 15号线顺义,3460
大洼回迁房1居室-南北,//www.ziroom.com/z/vr/60457820.html,[大兴黄村] 4号线黄村火车站,3090
石园南区1居室-南北,//www.ziroom.com/z/vr/300898.html,[顺义顺义城] ,2760
花园北路乙28号院2居室-南北,//www.ziroom.com/z/vr/236272.html,[海淀牡丹园] 10号线牡丹园,229
金都心语1居室-西,//www.ziroom.com/z/vr/60337905.html,[朝阳百子湾] 7号线百子湾,5030
天畅园2居室-东,//www.ziroom.com/z/vr/60447742.html,[朝阳亚运村] 5号线北苑路北,7120
北欧印象2居室-东,//www.ziroom.com/z/vr/60461003.html,[西城马连道] 7号线湾子,7190
华严北里9号院2居室-南,//www.ziroom.com/z/vr/60442219.html,[朝阳健翔桥] 10号线健德门,6190
华严北里9号院2居室-南,//www.ziroom.com/z/vr/60442220.html,[朝阳健翔桥] 10号线健德门,6190
车道沟南里2居室-南,//www.ziroom.com/z/vr/60434101.html,[海淀紫竹桥] 10号线车道沟,6260
玉石胡同2居室-南,//www.ziroom.com/z/vr/60451524.html,[东城灯市口] 6号线东四,7250
远洋山水2居室-南,//www.ziroom.com/z/vr/60412706.html,[石景山鲁谷] 1号线八宝山,7200
宝星国际二期1居室-西南,//www.ziroom.com/z/vr/60184390.html,[朝阳望京] 15号线望京东,8230
马连道西里2居室-南,//www.ziroom.com/z/vr/60458622.html,[西城广安门] 7号线湾子,5660
三义里2居室-南,//www.ziroom.com/z/vr/60459195.html,[西城马连道] 7号线湾子,5730
高楼金地1居室-南,//www.ziroom.com/z/vr/60464485.html,[通州临河里] 八通线土桥,2790
次渠嘉园2居室-东,//www.ziroom.com/z/vr/60345838.html,[通州通州其它] 亦庄线次渠南,3790
次渠嘉园2居室-东,//www.ziroom.com/z/vr/60322580.html,[通州通州其它] 亦庄线次渠南,3680
黄金苑2居室-东,//www.ziroom.com/z/vr/60414053.html,[朝阳北苑] 5号线立水桥南,6780
黄金苑2居室-东,//www.ziroom.com/z/vr/60414054.html,[朝阳北苑] 5号线立水桥南,6780
懿品阁1居室-北,//www.ziroom.com/z/vr/60466677.html,[朝阳奥林匹克公园] 15号线北沙滩,4860
科技大学2居室-东,//www.ziroom.com/z/vr/60448220.html,[海淀二里庄] 15号线六道口,6850
远洋天地二期2居室-东,//www.ziroom.com/z/vr/60417654.html,[朝阳四惠] 1号线四惠,9950
怡海花园恒泰园2居室-东,//www.ziroom.com/z/vr/60381455.html,[丰台科技园区] 9号线科怡路,9250
芍药居北里1居室-南,//www.ziroom.com/z/vr/60422260.html,[朝阳芍药居] 13号线芍药居,5100
金台里2居室-南,//www.ziroom.com/z/vr/60452136.html,[朝阳红庙] 14号线金台路,6250
万泉庄1号院2居室-南北,//www.ziroom.com/z/vr/60449889.html,[海淀中关村] 10号线苏州街,7290
西八间北里2居室-南,//www.ziroom.com/z/vr/60450427.html,[朝阳望京] 14号线阜通,6260
裕中东里1居室-南,//www.ziroom.com/z/vr/60176185.html,[西城马甸] 8号线安华桥,5530
远见名苑2居室-东南,//www.ziroom.com/z/vr/60429601.html,[西城广安门] 7号线达官营,7360
翠屏北里西区1居室-南,//www.ziroom.com/z/vr/60468179.html,[通州九棵树家乐福] 八通线果园,3630
首开常青藤一期2居室-南,//www.ziroom.com/z/vr/257566.html,[朝阳东坝] ,6520
建新南区2居室-东,//www.ziroom.com/z/vr/60364300.html,[顺义顺义城] 15号线顺义,3450
砂轮厂宿舍1居室-南,//www.ziroom.com/z/vr/60450984.html,[海淀清河] 8号线永泰庄,4590
青年汇佳园1居室-南,//www.ziroom.com/z/vr/60462120.html,[朝阳朝青] 6号线青年路,5460
王公坟社区1居室-南北,//www.ziroom.com/z/vr/66740.html,[海淀中关村] 10号线苏州街,5790
新通国际花园1居室-北,//www.ziroom.com/z/vr/60454996.html,[通州玉桥] 八通线梨园,3790
双裕小区2居室-东,//www.ziroom.com/z/vr/60350405.html,[顺义后沙峪] 15号线后沙峪,3920
安慧北里逸园2居室-南北,//www.ziroom.com/z/vr/60452961.html,[朝阳亚运村] 15号线大屯路东,6860
北蜂窝路5号院2居室-南,//www.ziroom.com/z/vr/60454130.html,[海淀军博] 1号线军事博物馆,8990
大洼回迁房1居室-南北,//www.ziroom.com/z/vr/60457809.html,[大兴黄村] 4号线黄村火车站,3090
林肯公园2居室-东,//www.ziroom.com/z/vr/60442468.html,[亦庄开发区亦庄] 亦庄线亦庄文化园,6150
雅丽世居2居室-南北,//www.ziroom.com/z/vr/60260078.html,[通州果园] 八通线果园,5090
时尚街区东区2居室-东北,//www.ziroom.com/z/vr/60451962.html,[通州梨园] 八通线梨园,4390
北街家园六区2居室-东西,//www.ziroom.com/z/vr/60442805.html,[昌平沙河] 昌平线沙河高教园,3360
和平街十二区2居室-南北,//www.ziroom.com/z/vr/60416889.html,[朝阳和平里] 13号线光熙门,6320
万方景轩1居室-南,//www.ziroom.com/z/vr/60461997.html,[朝阳太阳宫] 10号线太阳宫,8590
远洋风景1居室-南,//www.ziroom.com/z/vr/60453880.html,[海淀西直门] 2号线西直门,8460
燕莎后1居室-西北,//www.ziroom.com/z/vr/60468232.html,[朝阳酒仙桥] 14号线东风北桥,7590
蓟门南里2居室-南北,//www.ziroom.com/z/vr/60396204.html,[海淀中关村] 10号线西土城,7090
东润枫景二期1居室-南,//www.ziroom.com/z/vr/60387758.html,[朝阳朝阳公园] 14号线东风北桥,6330
正阳小区2居室-东,//www.ziroom.com/z/vr/60384981.html,[丰台北大地] 9号线丰台东大街,5250
金隅康惠园2居室-西南,//www.ziroom.com/z/vr/60465707.html,[朝阳双桥] 八通线双桥,5330
京贸国际城西区1居室-南北,//www.ziroom.com/z/vr/60111187.html,[通州武夷花园] 6号线通运门,4430
次渠嘉园2居室-东,//www.ziroom.com/z/vr/60341462.html,[通州通州其它] 亦庄线次渠南,3580
次渠嘉园2居室-东,//www.ziroom.com/z/vr/60329570.html,[通州通州其它] 亦庄线次渠南,3520
炫立方1居室-东,//www.ziroom.com/z/vr/60435964.html,[顺义顺义城] 15号线南法信,3490
远见名苑2居室-西,//www.ziroom.com/z/vr/60428230.html,[西城广安门] 7号线达官营,7460
北沙滩1号院2居室-东,//www.ziroom.com/z/vr/60348589.html,[朝阳南沙滩] 15号线北沙滩,7620
高楼金地1居室-南,//www.ziroom.com/z/vr/60456286.html,[通州临河里] 八通线土桥,2760
金谷园1居室-南,//www.ziroom.com/z/vr/60461479.html,[海淀知春路] 10号线知春路,6660
椿树园2居室-南,//www.ziroom.com/z/vr/60464209.html,[西城宣武门] 2号线宣武门,7760
晓月新城1居室-东,//www.ziroom.com/z/vr/60407304.html,[丰台卢沟桥] ,3930
裕中东里3居室-东北,//www.ziroom.com/z/vr/280753.html,[西城马甸] 8号线安华桥,9010
蓟门东里2居室-南,//www.ziroom.com/z/vr/60456546.html,[海淀中关村] 10号线西土城,7060
石园东区1居室-东,//www.ziroom.com/z/vr/60434990.html,[顺义顺义城] 15号线顺义,3060
甘露园南里2居室-南北,//www.ziroom.com/z/vr/60396266.html,[朝阳十里堡] 6号线青年路,5290
首开常青藤四期2居室-南北,//www.ziroom.com/z/vr/60271836.html,[朝阳东坝] ,6260
高家园四区2居室-南北,//www.ziroom.com/z/vr/60458365.html,[朝阳大山子] 14号线望京南,6530
次渠嘉园2居室-东,//www.ziroom.com/z/vr/60318553.html,[通州通州其它] 亦庄线次渠南,3750
次渠嘉园2居室-东,//www.ziroom.com/z/vr/60320586.html,[通州通州其它] 亦庄线次渠南,3660
马甸南村2居室-南北,//www.ziroom.com/z/vr/60449968.html,[西城德胜门] 10号线健德门,6660
和平街十五区1号院2居室-南,//www.ziroom.com/z/vr/60398614.html,[朝阳和平里] 13号线光熙门,6680
东一时区1居室-西南,//www.ziroom.com/z/vr/60340962.html,[朝阳管庄] 八通线八里桥,3930
万年花城回迁2居室-东,//www.ziroom.com/z/vr/60395623.html,[丰台玉泉营] 10号线首经贸,5260
次渠嘉园1居室-南,//www.ziroom.com/z/vr/60366332.html,[通州通州其它] 亦庄线次渠南,2690
望园东里1居室-南,//www.ziroom.com/z/vr/60460066.html,[丰台七里庄] 9号线七里庄,4790
双龙南里1居室-西南,//www.ziroom.com/z/vr/60106290.html,[朝阳潘家园] 14号线北工大西门,3990
翠成馨园1居室-东,//www.ziroom.com/z/vr/60457315.html,[朝阳欢乐谷] 7号线欢乐谷景区,3990
刘孟家园2居室-东,//www.ziroom.com/z/vr/60365566.html,[丰台科技园区] 9号线丰台南路,5850
风度柏林1居室-西北,//www.ziroom.com/z/vr/60088381.html,[朝阳劲松] 14号线九龙山,6360
奥林匹克花园三期3居室-南北,//www.ziroom.com/z/vr/282288.html,[朝阳东坝] ,289
设计师广场1居室-南,//www.ziroom.com/z/vr/60452987.html,[丰台科技园区] 9号线丰台南路,4090
增光路43号院1居室-南,//www.ziroom.com/z/vr/60457104.html,[海淀甘家口] 9号线白石桥南,5190
唐家岭新城1居室-东,//www.ziroom.com/z/vr/60428554.html,[海淀西北旺] 13号线西二旗,4830
金隅自由筑1居室-东,//www.ziroom.com/z/vr/60449074.html,[通州通州其它] 八通线土桥,3260
远洋山水1居室-西北,//www.ziroom.com/z/vr/60453897.html,[石景山鲁谷] 1号线八宝山,5290
德胜门西大街64号2居室-南,//www.ziroom.com/z/vr/60443307.html,[西城新街口] 2号线积水潭,7590
德胜门西大街64号2居室-南,//www.ziroom.com/z/vr/60443308.html,[西城新街口] 2号线积水潭,7590
裕中西里1居室-南,//www.ziroom.com/z/vr/60454171.html,[西城马甸西城区] 10号线健德门,5590
明光村小区2居室-南,//www.ziroom.com/z/vr/60455760.html,[海淀西直门] 13号线大钟寺,7460
农光东里2居室-南,//www.ziroom.com/z/vr/60455804.html,[朝阳劲松] 10号线劲松,5890
滨河西里2居室-东,//www.ziroom.com/z/vr/60423783.html,[大兴黄村] 4号线枣园,3680
首开常青藤一期2居室-南北,//www.ziroom.com/z/vr/60181711.html,[朝阳东坝] ,6750
北京像素南区1居室-东北,//www.ziroom.com/z/vr/60125380.html,[朝阳常营] 6号线草房,4630
感化胡同3号院2居室-南北,//www.ziroom.com/z/vr/60463492.html,[西城宣武门] 2号线长椿街,7330
后现代城2居室-东,//www.ziroom.com/z/vr/60430933.html,[朝阳大望路] 7号线九龙山,8860
蔚园2居室-东西,//www.ziroom.com/z/vr/60450957.html,[丰台青塔] 1号线玉泉路,4890
华业玫瑰郡2居室-东西,//www.ziroom.com/z/vr/60457535.html,[朝阳石佛营] 6号线十里堡,8890
华业玫瑰郡2居室-东西,//www.ziroom.com/z/vr/60457536.html,[朝阳石佛营] 6号线十里堡,8890
设计师广场1居室-南,//www.ziroom.com/z/vr/60455340.html,[丰台科技园区] 9号线丰台南路,3930
流星花园二区1居室-南北,//www.ziroom.com/z/vr/60434627.html,[昌平回龙观] 8号线育知路,4300
华龙苑南里1居室-南,//www.ziroom.com/z/vr/60203806.html,[昌平霍营] 8号线霍营,4390
万方景轩1居室-南,//www.ziroom.com/z/vr/60435637.html,[朝阳太阳宫] 10号线太阳宫,7290
宝盛里2居室-东西,//www.ziroom.com/z/vr/60465673.html,[海淀清河] 8号线永泰庄,5290
国美第一城2号院2居室-南,//www.ziroom.com/z/vr/301237.html,[朝阳朝青] 6号线青年路,6480
安贞西里1居室-南,//www.ziroom.com/z/vr/60453027.html,[朝阳安贞] 8号线安华桥,5530
崇文门东大街2居室-南,//www.ziroom.com/z/vr/60455670.html,[东城崇文门] 2号线北京站,6860
古韵新居1居室-南,//www.ziroom.com/z/vr/60460376.html,[通州潞苑] 6号线通州北关,3630
安慧北里秀园2居室-西,//www.ziroom.com/z/vr/130161.html,[朝阳亚运村] 15号线安立路,5890
润枫欣尚1居室-东,//www.ziroom.com/z/vr/60448163.html,[昌平立水桥] 5号线立水桥,4980
广安门外大街1居室-南,//www.ziroom.com/z/vr/60437225.html,[西城广安门] 7号线达官营,4860
石佛营西里小区1居室-南,//www.ziroom.com/z/vr/60453356.html,[朝阳石佛营] 6号线十里堡,4890
大件厂宿舍1居室-南,//www.ziroom.com/z/vr/60454324.html,[海淀万寿路] 1号线万寿路,4860
常青藤嘉园1居室-南,//www.ziroom.com/z/vr/277720.html,[西城马连道] 7号线达官营,159
财富东方1居室-北,//www.ziroom.com/z/vr/257822.html,[通州新华大街] 6号线通州北关,129
第三区2居室-东,//www.ziroom.com/z/vr/60416921.html,[西城马连道] 7号线湾子,7080
洋桥职工住宅2居室-东,//www.ziroom.com/z/vr/60422227.html,[丰台角门] 10号线角门东,7290
北街家园八区1居室-东,//www.ziroom.com/z/vr/285000.html,[昌平沙河] 昌平线沙河高教园,2260
花涧溪1居室-东南,//www.ziroom.com/z/vr/60464169.html,[通州临河里] 八通线临河里,3490
北欧印象1居室-西,//www.ziroom.com/z/vr/60465920.html,[西城马连道] 7号线湾子,4590
华龙美钰1居室-西南,//www.ziroom.com/z/vr/60462845.html,[西城右安门内] 4号线陶然亭,6400
首开智慧社1居室-东,//www.ziroom.com/z/vr/60428182.html,[昌平回龙观] 13号线回龙观,4730
铁路小区2居室-东,//www.ziroom.com/z/vr/60448408.html,[丰台公主坟] 10号线莲花桥,5920
阳光北里2居室-东,//www.ziroom.com/z/vr/60426956.html,[海淀上地] 13号线上地,5890
芳园南里2居室-南,//www.ziroom.com/z/vr/60453010.html,[朝阳酒仙桥] 14号线将台,6190
蓟门北里2居室-南,//www.ziroom.com/z/vr/60453631.html,[海淀中关村] 10号线西土城,7160
阳光1002居室-西南,//www.ziroom.com/z/vr/60122881.html,[朝阳大望路] 1号线大望路,10920
芍药居北里2居室-南,//www.ziroom.com/z/vr/60470286.html,[朝阳芍药居] 13号线芍药居,6990
玺萌鹏苑1居室-东,//www.ziroom.com/z/vr/60378611.html,[丰台草桥] 10号线角门西,5330
博客雅居1居室-东,//www.ziroom.com/z/vr/60437521.html,[亦庄开发区亦庄] 亦庄线万源街,4360
玉桃园三区1居室-南,//www.ziroom.com/z/vr/60456333.html,[西城西直门] 4号线新街口,6290
柳芳南里2居室-南,//www.ziroom.com/z/vr/60461971.html,[朝阳国展] 13号线柳芳,6430
北街家园八区1居室-东,//www.ziroom.com/z/vr/60452544.html,[昌平沙河] 昌平线沙河高教园,2460
CBD传奇1居室-南,//www.ziroom.com/z/vr/202753.html,[朝阳劲松] 14号线九龙山,5130
富强西里2居室-东,//www.ziroom.com/z/vr/60437502.html,[大兴黄村中] 4号线清源路,3620
绿地顺义启航国际1居室-东,//www.ziroom.com/z/vr/60365882.html,[顺义望京] 15号线后沙峪,3990
绿地顺义启航国际1居室-西,//www.ziroom.com/z/vr/60366040.html,[顺义望京] 15号线后沙峪,3990
菊园2居室-东,//www.ziroom.com/z/vr/60432313.html,[海淀马连洼] 16号线马连洼,5890
菊园2居室-东,//www.ziroom.com/z/vr/60432314.html,[海淀马连洼] 16号线马连洼,5890
水上华城2居室-东,//www.ziroom.com/z/vr/60439245.html,[东城广渠门] 7号线广渠门外,6980
永泰东里1居室-南,//www.ziroom.com/z/vr/60459479.html,[海淀清河] 8号线永泰庄,4890
朝阳新城四区2居室-南北,//www.ziroom.com/z/vr/60292369.html,[朝阳东坝] ,4880
亦庄北岸1居室-西,//www.ziroom.com/z/vr/60447310.html,[大兴旧宫] 亦庄线旧宫,3100
橡树湾2居室-东,//www.ziroom.com/z/vr/60441842.html,[海淀上地] 13号线上地,8360
官苑8号2居室-西南,//www.ziroom.com/z/vr/60456257.html,[西城官园] 2号线车公庄,15000
华亭嘉园2居室-东,//www.ziroom.com/z/vr/60417270.html,[朝阳健翔桥] 8号线奥体中心,12500
月坛南街37号院2居室-南,//www.ziroom.com/z/vr/60451176.html,[西城月坛] 1号线南礼士路,7380
风度柏林1居室-南,//www.ziroom.com/z/vr/60451361.html,[朝阳劲松] 14号线九龙山,7260
今典花园3居室-北,//www.ziroom.com/z/vr/246253.html,[海淀小西天] 2号线积水潭,9280
西罗园南里2居室-南北,//www.ziroom.com/z/vr/60458834.html,[丰台洋桥] 10号线角门东,5090
西罗园南里2居室-南北,//www.ziroom.com/z/vr/60458835.html,[丰台洋桥] 10号线角门东,5090
西大望路1居室-南,//www.ziroom.com/z/vr/60454953.html,[朝阳红庙] 1号线大望路,5560
望花路西里2居室-东,//www.ziroom.com/z/vr/60270032.html,[朝阳望京] 14号线阜通,6420
怡乐北街2居室-南,//www.ziroom.com/z/vr/60246286.html,[通州果园] 八通线果园,3990
西大望路12号院1居室-南,//www.ziroom.com/z/vr/60052554.html,[朝阳大望路] 1号线大望路,5760
康宁居1居室-东,//www.ziroom.com/z/vr/60432403.html,[丰台马连道] 7号线达官营,4890
马家堡西里1居室-东南,//www.ziroom.com/z/vr/60433918.html,[丰台角门] 4号线马家堡,3990
玉桥南里2居室-南北,//www.ziroom.com/z/vr/60141848.html,[通州玉桥] 八通线梨园,3150
玉桥南里2居室-南北,//www.ziroom.com/z/vr/60253621.html,[通州玉桥] 八通线梨园,3160
玺源台2居室-东,//www.ziroom.com/z/vr/60430458.html,[西城广安门] 7号线湾子,7190
白纸坊东街2居室-东,//www.ziroom.com/z/vr/60370166.html,[西城右安门内] 4号线陶然亭,6290
中湾国际1居室-南,//www.ziroom.com/z/vr/60469379.html,[海淀苏州桥] 10号线苏州街,7790
后桃园胡同9号院2居室-南北,//www.ziroom.com/z/vr/60452531.html,[西城西直门] 2号线西直门,7580
后桃园胡同9号院2居室-南北,//www.ziroom.com/z/vr/60452532.html,[西城西直门] 2号线西直门,7580
高家园二区2居室-西南,//www.ziroom.com/z/vr/60452646.html,[朝阳酒仙桥] 14号线望京南,6460
龙华园1居室-东西,//www.ziroom.com/z/vr/60453783.html,[昌平回龙观] 13号线龙泽,4500
金台里1居室-南,//www.ziroom.com/z/vr/60081049.html,[朝阳红庙] 14号线金台路,5290
东直门外大街1居室-南,//www.ziroom.com/z/vr/123088.html,[朝阳东直门] 机场线东直门,5660
满庭芳园2居室-东南,//www.ziroom.com/z/vr/127447.html,[海淀双榆树] 4号线人民大学,8390
后现代城2居室-东,//www.ziroom.com/z/vr/60436665.html,[朝阳大望路] 7号线九龙山,8720
非常生活2居室-东,//www.ziroom.com/z/vr/60450642.html,[朝阳双井] 10号线双井,8660
蓝星花园1居室-西,//www.ziroom.com/z/vr/60426419.html,[顺义中央别墅区] 15号线花梨坎,3660
西罗园南里2居室-东,//www.ziroom.com/z/vr/60401268.html,[丰台洋桥] 10号线角门东,4650
太平桥西里1居室-南,//www.ziroom.com/z/vr/60450574.html,[丰台六里桥] 9号线六里桥东,4760
枣营北里1居室-南,//www.ziroom.com/z/vr/60456483.html,[朝阳农展馆] 14号线枣营,5660
南运巷2居室-东,//www.ziroom.com/z/vr/60418869.html,[西城白纸坊] 7号线广安门内,5960
南运巷2居室-东,//www.ziroom.com/z/vr/60418870.html,[西城白纸坊] 7号线广安门内,5960
建新南区2居室-南北,//www.ziroom.com/z/vr/60061206.html,[顺义顺义城] 15号线顺义,3180
玉林里小区2居室-东,//www.ziroom.com/z/vr/60438766.html,[丰台右安门外] 14号线北京南站,5160
常秀家园1居室-南,//www.ziroom.com/z/vr/60454125.html,[海淀西三旗] 8号线育新,4390
常秀家园1居室-南,//www.ziroom.com/z/vr/60454138.html,[海淀西三旗] 8号线育新,4390
第三区2居室-南,//www.ziroom.com/z/vr/60123579.html,[西城马连道] 7号线湾子,7290
艾瑟顿1居室-南,//www.ziroom.com/z/vr/60438326.html,[海淀苏州桥] 10号线苏州街,8360
北街家园八区1居室-东,//www.ziroom.com/z/vr/60314754.html,[昌平沙河] 昌平线沙河高教园,2390
前泥洼小区1居室-东,//www.ziroom.com/z/vr/60420574.html,[丰台北大地] 10号线泥洼,4490
新华街三里1居室-西南,//www.ziroom.com/z/vr/60457729.html,[丰台科技园区] 9号线丰台南路,4490
名佳花园三区1居室-南,//www.ziroom.com/z/vr/60462805.html,[昌平北七家] ,3460
丽水莲花3居室-南北,//www.ziroom.com/z/vr/175935.html,[西城广安门] 7号线湾子,10680
西环景苑2居室-东,//www.ziroom.com/z/vr/60454581.html,[西城广安门] 7号线湾子,7690
西环景苑2居室-东,//www.ziroom.com/z/vr/60454582.html,[西城广安门] 7号线湾子,7690
后现代城2居室-西,//www.ziroom.com/z/vr/60456569.html,[朝阳大望路] 7号线九龙山,8860
菊园2居室-东,//www.ziroom.com/z/vr/60445443.html,[海淀马连洼] 16号线马连洼,5990
金域华府一期2居室-南北,//www.ziroom.com/z/vr/60205675.html,[昌平西三旗] 13号线龙泽,6160
考拉社区1居室-东,//www.ziroom.com/z/vr/60431742.html,[西城广安门] 7号线广安门内,5060
玺源台2居室-东,//www.ziroom.com/z/vr/60445611.html,[西城广安门] 7号线湾子,8000
玉林里小区2居室-东,//www.ziroom.com/z/vr/60440905.html,[丰台右安门外] 14号线北京南站,5220
蝶翠华庭1居室-东,//www.ziroom.com/z/vr/60446194.html,[西城广安门] 7号线达官营,6390
珠江骏景北区1居室-北,//www.ziroom.com/z/vr/60459590.html,[丰台洋桥] 10号线大红门,4290
怡和世家2居室-东,//www.ziroom.com/z/vr/60399387.html,[丰台宋家庄] 亦庄线宋家庄,5390
绿地顺义启航国际1居室-西,//www.ziroom.com/z/vr/60365916.html,[顺义望京] 15号线后沙峪,4430
苹果园小区一区2居室-东,//www.ziroom.com/z/vr/60447988.html,[石景山苹果园] 1号线苹果园,4460
苹果园小区一区2居室-东,//www.ziroom.com/z/vr/60447989.html,[石景山苹果园] 1号线苹果园,4460
民安小区东直门北中街2居室-东西,//www.ziroom.com/z/vr/60456443.html,[东城东直门] 2号线东直门,8490
高家园三区1居室-南,//www.ziroom.com/z/vr/60451656.html,[朝阳酒仙桥] 14号线望京南,5460
美立方2居室-南,//www.ziroom.com/z/vr/60107559.html,[朝阳北苑] 5号线立水桥南,6690
首开常青藤一期2居室-南,//www.ziroom.com/z/vr/60458678.html,[朝阳东坝] ,6320
道家园1居室-南,//www.ziroom.com/z/vr/60456608.html,[朝阳甜水园] 6号线金台路,5090
首开畅心园2居室-南,//www.ziroom.com/z/vr/60036399.html,[朝阳常营] 6号线草房,5150
合顺家园1居室-西南,//www.ziroom.com/z/vr/60464861.html,[丰台新宫] 4号线新宫,4390
威尔夏大道2居室-南北,//www.ziroom.com/z/vr/292203.html,[丰台六里桥] 9号线六里桥东,8260
金星园2居室-东,//www.ziroom.com/z/vr/60447800.html,[朝阳三元桥] 10号线三元桥,11660
北京香颂1居室-东,//www.ziroom.com/z/vr/60459048.html,[朝阳望京] 13号线望京西,7230
什锦花园胡同2居室-南,//www.ziroom.com/z/vr/60449449.html,[东城东四] 5号线张自忠路,7490
什锦花园胡同2居室-南,//www.ziroom.com/z/vr/60449450.html,[东城东四] 5号线张自忠路,7490
中环南路5号院2居室-东,//www.ziroom.com/z/vr/60447687.html,[朝阳望京] 14号线望京南,6560
明光北里2居室-南,//www.ziroom.com/z/vr/60455794.html,[海淀皂君庙] 13号线大钟寺,7430
华贸城2居室-西南,//www.ziroom.com/z/vr/60462839.html,[朝阳北苑] 13号线北苑,7400
北京新天地2居室-南,//www.ziroom.com/z/vr/60469934.html,[朝阳常营] 八通线管庄,6200
后现代城2居室-西,//www.ziroom.com/z/vr/60466440.html,[朝阳大望路] 7号线九龙山,8730
义宾北区1居室-东,//www.ziroom.com/z/vr/60418296.html,[顺义顺义城] 15号线石门,3690
正源尚峰尚水1居室-南,//www.ziroom.com/z/vr/60003583.html,[海淀海淀北部新区] 16号线稻香湖路,3690
高楼金地1居室-南,//www.ziroom.com/z/vr/60452014.html,[通州临河里] 八通线土桥,2690
北京城建福润四季2居室-南北,//www.ziroom.com/z/vr/60098607.html,[朝阳东坝] ,3720
矩阵二期1居室-北,//www.ziroom.com/z/vr/130523.html,[昌平霍营] 8号线回龙观东大街,3890
华贸城2居室-南,//www.ziroom.com/z/vr/60211821.html,[朝阳北苑] 13号线北苑,7190
常秀家园2居室-东,//www.ziroom.com/z/vr/60446291.html,[海淀西三旗] 8号线育新,5020
鼎晟国际1居室-西,//www.ziroom.com/z/vr/60445367.html,[通州新华大街] 八通线通州北苑,4000
首邑溪谷2居室-东西,//www.ziroom.com/z/vr/60465230.html,[大兴西红门] 4号线高米店南,4190
八里庄南里2居室-东,//www.ziroom.com/z/vr/60422368.html,[朝阳十里堡] 6号线十里堡,6090
玉林里小区2居室-东,//www.ziroom.com/z/vr/60425741.html,[丰台右安门外] 14号线北京南站,5120
幸福二村2居室-南,//www.ziroom.com/z/vr/60462043.html,[朝阳工体] 10号线农业展览馆,7060
建新南区2居室-东,//www.ziroom.com/z/vr/60447359.html,[顺义顺义城] 15号线顺义,3320
金地名京2居室-西南,//www.ziroom.com/z/vr/60460238.html,[朝阳四惠] 1号线四惠,12000
广通小区2居室-南,//www.ziroom.com/z/vr/60184225.html,[通州通州北苑] 八通线通州北苑,5290
西坝河东里1居室-南,//www.ziroom.com/z/vr/60451003.html,[朝阳西坝河] 10号线太阳宫,5260
蒲黄榆三里2居室-东,//www.ziroom.com/z/vr/60403828.html,[丰台蒲黄榆] 14号线景泰,5490
荣丰20081居室-南,//www.ziroom.com/z/vr/60459978.html,[西城广安门] 7号线达官营,4660
兴隆家园1居室-西,//www.ziroom.com/z/vr/204796.html,[朝阳高碑店] 八通线高碑店,4560
风度柏林2居室-南北,//www.ziroom.com/z/vr/60120899.html,[朝阳劲松] 14号线九龙山,8860
上元君庭1居室-北,//www.ziroom.com/z/vr/60468456.html,[朝阳奥林匹克公园] 5号线北苑路北,5960
绿地顺义启航国际1居室-西,//www.ziroom.com/z/vr/60366044.html,[顺义望京] 15号线后沙峪,3990
智慧大厦1居室-东,//www.ziroom.com/z/vr/60362887.html,[海淀西直门] 13号线大钟寺,6930
葛布店东里2居室-南北,//www.ziroom.com/z/vr/60243626.html,[通州玉桥] 八通线梨园,3960
双合家园2居室-南,//www.ziroom.com/z/vr/60060491.html,[朝阳欢乐谷] 7号线双合,5060
华贸城2居室-东,//www.ziroom.com/z/vr/60371422.html,[朝阳北苑] 13号线北苑,7090
金域华府二期2居室-南北,//www.ziroom.com/z/vr/60222813.html,[昌平回龙观] 13号线龙泽,7020
驼房营南里2居室-东,//www.ziroom.com/z/vr/60454336.html,[朝阳酒仙桥] 14号线东风北桥,6190
驼房营南里2居室-东,//www.ziroom.com/z/vr/60454337.html,[朝阳酒仙桥] 14号线东风北桥,6190
机械研究院东区2居室-南北,//www.ziroom.com/z/vr/60452427.html,[海淀甘家口] 9号线白石桥南,6390
天赐良园一期2居室-东,//www.ziroom.com/z/vr/60443138.html,[通州北关] 6号线物资学院路,5360
融科橄榄城二期2居室-南,//www.ziroom.com/z/vr/60450659.html,[朝阳望京] 15号线望京东,11730
左右坊1居室-西,//www.ziroom.com/z/vr/60456337.html,[丰台马家堡] 10号线角门西,4330
鸭子桥北里2居室-东,//www.ziroom.com/z/vr/60435734.html,[西城广安门] 7号线广安门内,5460
鸭子桥北里2居室-东,//www.ziroom.com/z/vr/60422331.html,[西城广安门] 7号线广安门内,5450
诗景长安2居室-南,//www.ziroom.com/z/vr/60107157.html,[石景山鲁谷] 1号线八角游乐园,4420
成府路20号院2居室-东,//www.ziroom.com/z/vr/60431403.html,[海淀五道口] 13号线五道口,7560
保利西山林语2居室-东,//www.ziroom.com/z/vr/60347099.html,[海淀西北旺] ,5520
静安东里1居室-南,//www.ziroom.com/z/vr/60466003.html,[朝阳国展] 机场线三元桥,5630
华贸城1居室-东,//www.ziroom.com/z/vr/60447720.html,[朝阳北苑] 13号线北苑,5730
光熙家园二期2居室-东,//www.ziroom.com/z/vr/60435073.html,[朝阳国展] 13号线光熙门,7850
朝阳新城四区2居室-南北,//www.ziroom.com/z/vr/60292370.html,[朝阳东坝] ,5080
世纪金色嘉园1居室-东,//www.ziroom.com/z/vr/60280564.html,[丰台右安门外] 14号线北京南站,3790
天秀花园安和园2居室-南北,//www.ziroom.com/z/vr/60003965.html,[海淀马连洼] 16号线农大南路,6380
怡和世家2居室-东,//www.ziroom.com/z/vr/60436620.html,[丰台宋家庄] 亦庄线宋家庄,5390
金星园2居室-东,//www.ziroom.com/z/vr/60438209.html,[朝阳三元桥] 10号线三元桥,11580
朝阳门南小街2居室-东,//www.ziroom.com/z/vr/60450142.html,[东城朝阳门内] 5号线灯市口,8200
天居园1居室-东,//www.ziroom.com/z/vr/60410015.html,[朝阳奥林匹克公园] 5号线立水桥南,7260
怡和世家2居室-东,//www.ziroom.com/z/vr/60408799.html,[丰台宋家庄] 亦庄线宋家庄,5280
怡和世家2居室-东,//www.ziroom.com/z/vr/60408839.html,[丰台宋家庄] 亦庄线宋家庄,5290
远洋山水1居室-西,//www.ziroom.com/z/vr/60459847.html,[石景山鲁谷] 1号线八宝山,5460
北街家园八区1居室-西,//www.ziroom.com/z/vr/60462739.html,[昌平沙河] 昌平线沙河高教园,2460
吴家村路10号院1居室-东,//www.ziroom.com/z/vr/60424575.html,[海淀公主坟] 10号线六里桥,4560
荣丰20081居室-南,//www.ziroom.com/z/vr/60467146.html,[西城广安门] 7号线达官营,3990
葛布店东里2居室-南北,//www.ziroom.com/z/vr/60243621.html,[通州玉桥] 八通线梨园,3760
太平桥东里2居室-东南,//www.ziroom.com/z/vr/60450536.html,[丰台太平桥] 9号线六里桥东,5760
东恒时代一期1居室-北,//www.ziroom.com/z/vr/60463828.html,[朝阳四惠] 八通线四惠,6790
朝阳公园西里北区2居室-东北,//www.ziroom.com/z/vr/60452777.html,[朝阳朝阳公园] 14号线枣营,6990
玺源台1居室-东,//www.ziroom.com/z/vr/60422796.html,[西城广安门] 7号线湾子,6890
宣武门外东大街2居室-南北,//www.ziroom.com/z/vr/60429801.html,[西城宣武门] 2号线宣武门,6950
月季园1居室-东,//www.ziroom.com/z/vr/60090142.html,[海淀马甸] 10号线牡丹园,5530
白菜湾四巷17号院2居室-东,//www.ziroom.com/z/vr/60392992.html,[西城广安门] 7号线广安门内,5190
车站东街15号院2居室-东,//www.ziroom.com/z/vr/60439770.html,[西城广安门] 7号线达官营,5190
